{
  "project_info": {
    "project_number": "347860094465",
    "project_id": "chatapp-d0d35",
    "storage_bucket": "chatapp-d0d35.appspot.com"
  },
  "client": [
    {
      "client_info": {
        "mobilesdk_app_id": "1:347860094465:android:77dfb02e0cfc423678ba00",
        "android_client_info": {
          "package_name": "com.mycompany.chatapp"
        }
      },
      "oauth_client": [],
      "api_key": [
        {
          "current_key": "AIzaSyANryr0zPsK5ME7HlxDSMtjllg0CS13BTg"
        }
      ],
      "services": {
        "appinvite_service": {
          "other_platform_oauth_client": []
        }
      }
    },
    {
      "client_info": {
        "mobilesdk_app_id": "1:347860094465:android:2f3c422493d1979978ba00",
        "android_client_info": {
          "package_name": "com.mycompany.project"
        }
      },
      "oauth_client": [],
      "api_key": [
        {
          "current_key": "AIzaSyANryr0zPsK5ME7HlxDSMtjllg0CS13BTg"
        }
      ],
      "services": {
        "appinvite_service": {
          "other_platform_oauth_client": []
        }
      }
    }
  ],
  "configuration_version": "1"
}