{"v":"4.8.0","meta":{"g":"LottieFiles AE 3.3.6","a":"","k":"","d":"","tc":""},"fr":30,"ip":0,"op":150,"w":1000,"h":1000,"nm":"Protein","ddd":0,"assets":[{"id":"comp_0","layers":[{"ddd":0,"ind":1,"ty":4,"nm":"Layer 6 Outlines","parent":5,"sr":1,"ks":{"o":{"a":0,"k":100,"ix":11},"r":{"a":0,"k":0,"ix":10},"p":{"a":0,"k":[500,500,0],"ix":2},"a":{"a":0,"k":[500,500,0],"ix":1},"s":{"a":0,"k":[100,100,100],"ix":6}},"ao":0,"shapes":[{"ty":"gr","it":[{"ind":0,"ty":"sh","ix":1,"ks":{"a":0,"k":{"i":[[0,0],[0,0],[0,0],[0,0]],"o":[[0,0],[0,0],[0,0],[0,0]],"v":[[94.864,16.601],[99.607,-16.601],[-99.607,-16.601],[-94.864,16.601]],"c":true},"ix":2},"nm":"Path 1","mn":"ADBE Vector Shape - Group","hd":false},{"ty":"fl","c":{"a":0,"k":[0.709803921569,0.572549019608,0.447058853449,1],"ix":4},"o":{"a":0,"k":100,"ix":5},"r":1,"bm":0,"nm":"Fill 1","mn":"ADBE Vector Graphic - Fill","hd":false},{"ty":"tr","p":{"a":0,"k":[840.81,889.342],"ix":2},"a":{"a":0,"k":[0,0],"ix":1},"s":{"a":0,"k":[100,100],"ix":3},"r":{"a":0,"k":0,"ix":6},"o":{"a":0,"k":100,"ix":7},"sk":{"a":0,"k":0,"ix":4},"sa":{"a":0,"k":0,"ix":5},"nm":"Transform"}],"nm":"Group 1","np":2,"cix":2,"bm":0,"ix":1,"mn":"ADBE Vector Group","hd":false}],"ip":59,"op":150,"st":0,"bm":0},{"ddd":0,"ind":2,"ty":4,"nm":"Layer 7 Outlines","parent":5,"sr":1,"ks":{"o":{"a":0,"k":100,"ix":11},"r":{"a":0,"k":0,"ix":10},"p":{"a":0,"k":[500,500,0],"ix":2},"a":{"a":0,"k":[500,500,0],"ix":1},"s":{"a":0,"k":[100,100,100],"ix":6}},"ao":0,"shapes":[{"ty":"gr","it":[{"ind":0,"ty":"sh","ix":1,"ks":{"a":0,"k":{"i":[[0,0],[0,0],[0,0],[0,0]],"o":[[0,0],[0,0],[0,0],[0,0]],"v":[[94.864,16.601],[99.607,-16.601],[-99.606,-16.601],[-94.863,16.601]],"c":true},"ix":2},"nm":"Path 1","mn":"ADBE Vector Shape - Group","hd":false},{"ty":"fl","c":{"a":0,"k":[0.709803921569,0.572549019608,0.447058853449,1],"ix":4},"o":{"a":0,"k":100,"ix":5},"r":1,"bm":0,"nm":"Fill 1","mn":"ADBE Vector Graphic - Fill","hd":false},{"ty":"tr","p":{"a":0,"k":[575.192,889.342],"ix":2},"a":{"a":0,"k":[0,0],"ix":1},"s":{"a":0,"k":[100,100],"ix":3},"r":{"a":0,"k":0,"ix":6},"o":{"a":0,"k":100,"ix":7},"sk":{"a":0,"k":0,"ix":4},"sa":{"a":0,"k":0,"ix":5},"nm":"Transform"}],"nm":"Group 1","np":2,"cix":2,"bm":0,"ix":1,"mn":"ADBE Vector Group","hd":false}],"ip":59,"op":150,"st":0,"bm":0},{"ddd":0,"ind":3,"ty":4,"nm":"Layer 8 Outlines","parent":5,"sr":1,"ks":{"o":{"a":0,"k":100,"ix":11},"r":{"a":0,"k":0,"ix":10},"p":{"a":0,"k":[500,500,0],"ix":2},"a":{"a":0,"k":[500,500,0],"ix":1},"s":{"a":0,"k":[100,100,100],"ix":6}},"ao":0,"shapes":[{"ty":"gr","it":[{"ind":0,"ty":"sh","ix":1,"ks":{"a":0,"k":{"i":[[9.169,0],[0,0],[0,-9.169],[0,0],[-9.169,0],[0,0],[0,9.168],[0,0]],"o":[[0,0],[-9.169,0],[0,0],[0,9.168],[0,0],[9.169,0],[0,0],[0,-9.169]],"v":[[265.617,-33.203],[-265.619,-33.203],[-282.219,-16.601],[-282.219,16.601],[-265.619,33.202],[265.617,33.202],[282.219,16.601],[282.219,-16.601]],"c":true},"ix":2},"nm":"Path 1","mn":"ADBE Vector Shape - Group","hd":false},{"ty":"fl","c":{"a":0,"k":[0.780392216701,0.627450980392,0.490196108351,1],"ix":4},"o":{"a":0,"k":100,"ix":5},"r":1,"bm":0,"nm":"Fill 1","mn":"ADBE Vector Graphic - Fill","hd":false},{"ty":"tr","p":{"a":0,"k":[708.002,839.538],"ix":2},"a":{"a":0,"k":[0,0],"ix":1},"s":{"a":0,"k":[100,100],"ix":3},"r":{"a":0,"k":0,"ix":6},"o":{"a":0,"k":100,"ix":7},"sk":{"a":0,"k":0,"ix":4},"sa":{"a":0,"k":0,"ix":5},"nm":"Transform"}],"nm":"Group 1","np":2,"cix":2,"bm":0,"ix":1,"mn":"ADBE Vector Group","hd":false}],"ip":59,"op":150,"st":0,"bm":0},{"ddd":0,"ind":4,"ty":4,"nm":"Layer 10 Outlines","parent":5,"sr":1,"ks":{"o":{"a":0,"k":100,"ix":11},"r":{"a":0,"k":0,"ix":10},"p":{"a":0,"k":[500,500,0],"ix":2},"a":{"a":0,"k":[500,500,0],"ix":1},"s":{"a":0,"k":[100,100,100],"ix":6}},"ao":0,"shapes":[{"ty":"gr","it":[{"ind":0,"ty":"sh","ix":1,"ks":{"a":0,"k":{"i":[[0,0],[-8.263,0],[0,0],[-1.169,8.178],[0,0],[0,0]],"o":[[1.17,8.178],[0,0],[8.262,0],[0,0],[0,0],[0,0]],"v":[[-85.042,43.85],[-68.607,58.103],[68.607,58.103],[85.042,43.85],[99.607,-58.104],[-99.607,-58.104]],"c":true},"ix":2},"nm":"Path 1","mn":"ADBE Vector Shape - Group","hd":false},{"ty":"fl","c":{"a":0,"k":[0.780392216701,0.627450980392,0.490196108351,1],"ix":4},"o":{"a":0,"k":100,"ix":5},"r":1,"bm":0,"nm":"Fill 1","mn":"ADBE Vector Graphic - Fill","hd":false},{"ty":"tr","p":{"a":0,"k":[840.81,930.845],"ix":2},"a":{"a":0,"k":[0,0],"ix":1},"s":{"a":0,"k":[100,100],"ix":3},"r":{"a":0,"k":0,"ix":6},"o":{"a":0,"k":100,"ix":7},"sk":{"a":0,"k":0,"ix":4},"sa":{"a":0,"k":0,"ix":5},"nm":"Transform"}],"nm":"Group 1","np":2,"cix":2,"bm":0,"ix":1,"mn":"ADBE Vector Group","hd":false}],"ip":59,"op":150,"st":0,"bm":0},{"ddd":0,"ind":5,"ty":4,"nm":"T","sr":1,"ks":{"o":{"a":0,"k":100,"ix":11},"r":{"a":1,"k":[{"i":{"x":[0.667],"y":[1]},"o":{"x":[0.333],"y":[0]},"t":60,"s":[-7]},{"i":{"x":[0.667],"y":[1]},"o":{"x":[0.333],"y":[0]},"t":63,"s":[0]},{"i":{"x":[0.667],"y":[1]},"o":{"x":[0.333],"y":[0]},"t":66,"s":[-3]},{"t":69,"s":[0]}],"ix":10},"p":{"a":0,"k":[491,974,0],"ix":2},"a":{"a":0,"k":[491,974,0],"ix":1},"s":{"a":0,"k":[100,100,100],"ix":6}},"ao":0,"shapes":[{"ty":"gr","it":[{"ind":0,"ty":"sh","ix":1,"ks":{"a":0,"k":{"i":[[-1.169,8.178],[0,0],[0,0],[0,0],[-8.263,0],[0,0]],"o":[[0,0],[0,0],[0,0],[1.169,8.178],[0,0],[8.262,0]],"v":[[85.043,43.85],[99.607,-58.104],[-99.606,-58.104],[-85.041,43.85],[-68.606,58.103],[68.607,58.103]],"c":true},"ix":2},"nm":"Path 1","mn":"ADBE Vector Shape - Group","hd":false},{"ty":"fl","c":{"a":0,"k":[0.780392216701,0.627450980392,0.490196108351,1],"ix":4},"o":{"a":0,"k":100,"ix":5},"r":1,"bm":0,"nm":"Fill 1","mn":"ADBE Vector Graphic - Fill","hd":false},{"ty":"tr","p":{"a":0,"k":[575.192,930.845],"ix":2},"a":{"a":0,"k":[0,0],"ix":1},"s":{"a":0,"k":[100,100],"ix":3},"r":{"a":0,"k":0,"ix":6},"o":{"a":0,"k":100,"ix":7},"sk":{"a":0,"k":0,"ix":4},"sa":{"a":0,"k":0,"ix":5},"nm":"Transform"}],"nm":"Group 1","np":2,"cix":2,"bm":0,"ix":1,"mn":"ADBE Vector Group","hd":false}],"ip":59,"op":150,"st":0,"bm":0}]},{"id":"comp_1","layers":[{"ddd":0,"ind":1,"ty":4,"nm":"Layer 4 Outlines","parent":3,"sr":1,"ks":{"o":{"a":0,"k":100,"ix":11},"r":{"a":0,"k":0,"ix":10},"p":{"a":0,"k":[500,500,0],"ix":2},"a":{"a":0,"k":[500,500,0],"ix":1},"s":{"a":0,"k":[100,100,100],"ix":6}},"ao":0,"shapes":[{"ty":"gr","it":[{"ind":0,"ty":"sh","ix":1,"ks":{"a":0,"k":{"i":[[-5.262,-12.706],[8.471,-3.507],[5.262,12.706],[-8.472,3.508]],"o":[[5.262,12.707],[-8.47,3.508],[-5.261,-12.707],[8.47,-3.508]],"v":[[15.338,-6.351],[9.526,23.007],[-15.339,6.352],[-9.527,-23.006]],"c":true},"ix":2},"nm":"Path 1","mn":"ADBE Vector Shape - Group","hd":false},{"ty":"fl","c":{"a":0,"k":[0.976470648074,0.784313785329,0.635294117647,1],"ix":4},"o":{"a":0,"k":100,"ix":5},"r":1,"bm":0,"nm":"Fill 1","mn":"ADBE Vector Graphic - Fill","hd":false},{"ty":"tr","p":{"a":0,"k":[872.556,732.659],"ix":2},"a":{"a":0,"k":[0,0],"ix":1},"s":{"a":0,"k":[100,100],"ix":3},"r":{"a":0,"k":0,"ix":6},"o":{"a":0,"k":100,"ix":7},"sk":{"a":0,"k":0,"ix":4},"sa":{"a":0,"k":0,"ix":5},"nm":"Transform"}],"nm":"Group 1","np":2,"cix":2,"bm":0,"ix":1,"mn":"ADBE Vector Group","hd":false}],"ip":70,"op":150,"st":0,"bm":0},{"ddd":0,"ind":2,"ty":4,"nm":"Layer 5 Outlines","parent":4,"sr":1,"ks":{"o":{"a":0,"k":100,"ix":11},"r":{"a":0,"k":0,"ix":10},"p":{"a":0,"k":[500,500,0],"ix":2},"a":{"a":0,"k":[500,500,0],"ix":1},"s":{"a":0,"k":[100,100,100],"ix":6}},"ao":0,"shapes":[{"ty":"gr","it":[{"ind":0,"ty":"sh","ix":1,"ks":{"a":0,"k":{"i":[[-5.262,-12.706],[8.471,-3.507],[5.262,12.706],[-8.472,3.508]],"o":[[5.261,12.707],[-8.47,3.508],[-5.261,-12.707],[8.47,-3.508]],"v":[[15.339,-6.351],[9.526,23.007],[-15.339,6.352],[-9.527,-23.006]],"c":true},"ix":2},"nm":"Path 1","mn":"ADBE Vector Shape - Group","hd":false},{"ty":"fl","c":{"a":0,"k":[0.976470648074,0.784313785329,0.635294117647,1],"ix":4},"o":{"a":0,"k":100,"ix":5},"r":1,"bm":0,"nm":"Fill 1","mn":"ADBE Vector Graphic - Fill","hd":false},{"ty":"tr","p":{"a":0,"k":[609.852,732.659],"ix":2},"a":{"a":0,"k":[0,0],"ix":1},"s":{"a":0,"k":[100,100],"ix":3},"r":{"a":0,"k":0,"ix":6},"o":{"a":0,"k":100,"ix":7},"sk":{"a":0,"k":0,"ix":4},"sa":{"a":0,"k":0,"ix":5},"nm":"Transform"}],"nm":"Group 1","np":2,"cix":2,"bm":0,"ix":1,"mn":"ADBE Vector Group","hd":false}],"ip":70,"op":150,"st":0,"bm":0},{"ddd":0,"ind":3,"ty":4,"nm":"Egg1","sr":1,"ks":{"o":{"a":0,"k":100,"ix":11},"r":{"a":0,"k":0,"ix":10},"p":{"a":1,"k":[{"i":{"x":0.667,"y":1},"o":{"x":0.333,"y":0},"t":76,"s":[839,923,0],"to":[0,0,0],"ti":[0,0,0]},{"i":{"x":0.667,"y":1},"o":{"x":0.333,"y":0},"t":82,"s":[839,782.877,0],"to":[0,0,0],"ti":[0,0,0]},{"i":{"x":0.667,"y":1},"o":{"x":0.333,"y":0},"t":86,"s":[839,923,0],"to":[0,0,0],"ti":[0,0,0]},{"i":{"x":0.667,"y":1},"o":{"x":0.333,"y":0},"t":89,"s":[839,850.972,0],"to":[0,0,0],"ti":[0,0,0]},{"t":92,"s":[839,923,0]}],"ix":2},"a":{"a":0,"k":[839,923,0],"ix":1},"s":{"a":1,"k":[{"i":{"x":[0.667,0.667,0.667],"y":[1,1,1]},"o":{"x":[0.333,0.333,0.333],"y":[0,0,0]},"t":70,"s":[100,100,100]},{"i":{"x":[0.667,0.667,0.667],"y":[1,1,1]},"o":{"x":[0.333,0.333,0.333],"y":[0,0,0]},"t":76,"s":[90,90,100]},{"t":80,"s":[100,100,100]}],"ix":6}},"ao":0,"shapes":[{"ty":"gr","it":[{"ind":0,"ty":"sh","ix":1,"ks":{"a":0,"k":{"i":[[0,-73.348],[55.01,0],[0,73.349],[-55.012,0]],"o":[[0,73.349],[-55.012,0],[0,-73.348],[55.01,0]],"v":[[99.607,0],[0.001,132.809],[-99.607,0],[0.001,-132.81]],"c":true},"ix":2},"nm":"Path 1","mn":"ADBE Vector Shape - Group","hd":false},{"ty":"fl","c":{"a":0,"k":[0.976470648074,0.733333333333,0.545098039216,1],"ix":4},"o":{"a":0,"k":100,"ix":5},"r":1,"bm":0,"nm":"Fill 1","mn":"ADBE Vector Graphic - Fill","hd":false},{"ty":"tr","p":{"a":0,"k":[840.81,806.336],"ix":2},"a":{"a":0,"k":[0,0],"ix":1},"s":{"a":0,"k":[100,100],"ix":3},"r":{"a":0,"k":0,"ix":6},"o":{"a":0,"k":100,"ix":7},"sk":{"a":0,"k":0,"ix":4},"sa":{"a":0,"k":0,"ix":5},"nm":"Transform"}],"nm":"Group 1","np":2,"cix":2,"bm":0,"ix":1,"mn":"ADBE Vector Group","hd":false}],"ip":70,"op":150,"st":0,"bm":0},{"ddd":0,"ind":4,"ty":4,"nm":"Egg2","sr":1,"ks":{"o":{"a":0,"k":100,"ix":11},"r":{"a":0,"k":0,"ix":10},"p":{"a":1,"k":[{"i":{"x":0.667,"y":1},"o":{"x":0.333,"y":0},"t":76,"s":[575,935,0],"to":[0,0,0],"ti":[0,0,0]},{"i":{"x":0.667,"y":1},"o":{"x":0.333,"y":0},"t":82,"s":[575,782.362,0],"to":[0,0,0],"ti":[0,0,0]},{"i":{"x":0.667,"y":1},"o":{"x":0.333,"y":0},"t":86,"s":[575,935,0],"to":[0,0,0],"ti":[0,0,0]},{"i":{"x":0.667,"y":1},"o":{"x":0.333,"y":0},"t":89,"s":[575,863.574,0],"to":[0,0,0],"ti":[0,0,0]},{"t":92,"s":[575,935,0]}],"ix":2},"a":{"a":0,"k":[575,935,0],"ix":1},"s":{"a":1,"k":[{"i":{"x":[0.667,0.667,0.667],"y":[1,1,1]},"o":{"x":[0.333,0.333,0.333],"y":[0,0,0]},"t":70,"s":[100,100,100]},{"i":{"x":[0.667,0.667,0.667],"y":[1,1,1]},"o":{"x":[0.333,0.333,0.333],"y":[0,0,0]},"t":76,"s":[90,90,100]},{"t":80,"s":[100,100,100]}],"ix":6}},"ao":0,"shapes":[{"ty":"gr","it":[{"ind":0,"ty":"sh","ix":1,"ks":{"a":0,"k":{"i":[[0,-73.348],[55.01,0],[0,73.349],[-55.012,0]],"o":[[0,73.349],[-55.012,0],[0,-73.348],[55.01,0]],"v":[[99.607,0],[0,132.809],[-99.607,0],[0,-132.81]],"c":true},"ix":2},"nm":"Path 1","mn":"ADBE Vector Shape - Group","hd":false},{"ty":"fl","c":{"a":0,"k":[0.976470648074,0.733333333333,0.545098039216,1],"ix":4},"o":{"a":0,"k":100,"ix":5},"r":1,"bm":0,"nm":"Fill 1","mn":"ADBE Vector Graphic - Fill","hd":false},{"ty":"tr","p":{"a":0,"k":[575.192,806.336],"ix":2},"a":{"a":0,"k":[0,0],"ix":1},"s":{"a":0,"k":[100,100],"ix":3},"r":{"a":0,"k":0,"ix":6},"o":{"a":0,"k":100,"ix":7},"sk":{"a":0,"k":0,"ix":4},"sa":{"a":0,"k":0,"ix":5},"nm":"Transform"}],"nm":"Group 1","np":2,"cix":2,"bm":0,"ix":1,"mn":"ADBE Vector Group","hd":false}],"ip":70,"op":150,"st":0,"bm":0}]},{"id":"comp_2","layers":[{"ddd":0,"ind":1,"ty":4,"nm":"Layer 2 Outlines","parent":4,"sr":1,"ks":{"o":{"a":0,"k":100,"ix":11},"r":{"a":0,"k":0,"ix":10},"p":{"a":0,"k":[500,500,0],"ix":2},"a":{"a":0,"k":[500,500,0],"ix":1},"s":{"a":0,"k":[100,100,100],"ix":6}},"ao":0,"shapes":[{"ty":"gr","it":[{"ind":0,"ty":"sh","ix":1,"ks":{"a":0,"k":{"i":[[9.176,0],[0,0],[0,9.177],[-9.176,0],[0,0],[0,-9.175]],"o":[[0,0],[-9.176,0],[0,-9.175],[0,0],[9.176,0],[0,9.177]],"v":[[8.301,16.601],[-8.3,16.601],[-24.901,-0.001],[-8.3,-16.601],[8.301,-16.601],[24.902,-0.001]],"c":true},"ix":2},"nm":"Path 1","mn":"ADBE Vector Shape - Group","hd":false},{"ty":"fl","c":{"a":0,"k":[0.749019622803,0.462745130062,0.262745112181,1],"ix":4},"o":{"a":0,"k":100,"ix":5},"r":1,"bm":0,"nm":"Fill 1","mn":"ADBE Vector Graphic - Fill","hd":false},{"ty":"tr","p":{"a":0,"k":[317.875,922.544],"ix":2},"a":{"a":0,"k":[0,0],"ix":1},"s":{"a":0,"k":[100,100],"ix":3},"r":{"a":0,"k":0,"ix":6},"o":{"a":0,"k":100,"ix":7},"sk":{"a":0,"k":0,"ix":4},"sa":{"a":0,"k":0,"ix":5},"nm":"Transform"}],"nm":"Group 1","np":2,"cix":2,"bm":0,"ix":1,"mn":"ADBE Vector Group","hd":false}],"ip":0,"op":150,"st":0,"bm":0},{"ddd":0,"ind":2,"ty":4,"nm":"Layer 3 Outlines","parent":4,"sr":1,"ks":{"o":{"a":0,"k":100,"ix":11},"r":{"a":0,"k":0,"ix":10},"p":{"a":0,"k":[500,500,0],"ix":2},"a":{"a":0,"k":[500,500,0],"ix":1},"s":{"a":0,"k":[100,100,100],"ix":6}},"ao":0,"shapes":[{"ty":"gr","it":[{"ind":0,"ty":"sh","ix":1,"ks":{"a":0,"k":{"i":[[9.176,0],[12.208,94.987],[-9.095,1.167],[-1.183,-9.079],[-87.805,0],[0,-9.175]],"o":[[-104.163,0],[-1.167,-9.079],[9.175,-1.037],[10.084,78.498],[9.176,0],[0,9.177]],"v":[[82.511,83.459],[-97.946,-63.844],[-83.581,-82.423],[-65.003,-68.059],[82.511,50.257],[99.112,66.857]],"c":true},"ix":2},"nm":"Path 1","mn":"ADBE Vector Shape - Group","hd":false},{"ty":"fl","c":{"a":0,"k":[0.749019622803,0.462745130062,0.262745112181,1],"ix":4},"o":{"a":0,"k":100,"ix":5},"r":1,"bm":0,"nm":"Fill 1","mn":"ADBE Vector Graphic - Fill","hd":false},{"ty":"tr","p":{"a":0,"k":[160.658,855.686],"ix":2},"a":{"a":0,"k":[0,0],"ix":1},"s":{"a":0,"k":[100,100],"ix":3},"r":{"a":0,"k":0,"ix":6},"o":{"a":0,"k":100,"ix":7},"sk":{"a":0,"k":0,"ix":4},"sa":{"a":0,"k":0,"ix":5},"nm":"Transform"}],"nm":"Group 1","np":2,"cix":2,"bm":0,"ix":1,"mn":"ADBE Vector Group","hd":false}],"ip":0,"op":150,"st":0,"bm":0},{"ddd":0,"ind":3,"ty":4,"nm":"Layer 17 Outlines","parent":4,"sr":1,"ks":{"o":{"a":0,"k":100,"ix":11},"r":{"a":0,"k":0,"ix":10},"p":{"a":0,"k":[500,500,0],"ix":2},"a":{"a":0,"k":[500,500,0],"ix":1},"s":{"a":0,"k":[100,100,100],"ix":6}},"ao":0,"shapes":[{"ty":"gr","it":[{"ind":0,"ty":"sh","ix":1,"ks":{"a":0,"k":{"i":[[100.854,0],[0,0],[0,100.854],[0,0],[-100.854,0],[0,0],[0,100.854],[0,0]],"o":[[0,0],[-100.854,0],[0,0],[0,100.854],[0,0],[100.854,0],[0,0],[0,100.854]],"v":[[298.82,74.705],[-298.82,74.705],[-481.432,-107.907],[-481.432,-74.705],[-298.82,107.907],[298.82,107.907],[481.432,-74.705],[481.432,-107.907]],"c":true},"ix":2},"nm":"Path 1","mn":"ADBE Vector Shape - Group","hd":false},{"ty":"fl","c":{"a":0,"k":[0.74989181757,0.463122993708,0.264234960079,1],"ix":4},"o":{"a":0,"k":100,"ix":5},"r":1,"bm":0,"nm":"Fill 1","mn":"ADBE Vector Graphic - Fill","hd":false},{"ty":"tr","p":{"a":0,"k":[492.186,881.041],"ix":2},"a":{"a":0,"k":[0,0],"ix":1},"s":{"a":0,"k":[100,100],"ix":3},"r":{"a":0,"k":0,"ix":6},"o":{"a":0,"k":100,"ix":7},"sk":{"a":0,"k":0,"ix":4},"sa":{"a":0,"k":0,"ix":5},"nm":"Transform"}],"nm":"Group 1","np":2,"cix":2,"bm":0,"ix":1,"mn":"ADBE Vector Group","hd":false}],"ip":0,"op":150,"st":0,"bm":0},{"ddd":0,"ind":4,"ty":4,"nm":"dish","sr":1,"ks":{"o":{"a":0,"k":100,"ix":11},"r":{"a":1,"k":[{"i":{"x":[0.667],"y":[1]},"o":{"x":[0.333],"y":[0]},"t":5,"s":[0]},{"i":{"x":[0.667],"y":[1]},"o":{"x":[0.333],"y":[0]},"t":8,"s":[-5]},{"i":{"x":[0.667],"y":[1]},"o":{"x":[0.333],"y":[0]},"t":11,"s":[0]},{"i":{"x":[0.667],"y":[1]},"o":{"x":[0.333],"y":[0]},"t":14,"s":[-2]},{"t":17,"s":[0]}],"ix":10},"p":{"a":1,"k":[{"i":{"x":0.667,"y":1},"o":{"x":0.333,"y":0},"t":0,"s":[146,466,0],"to":[0,0,0],"ti":[0,0,0]},{"t":5,"s":[146,968,0]}],"ix":2},"a":{"a":0,"k":[146,968,0],"ix":1},"s":{"a":0,"k":[100,100,100],"ix":6}},"ao":0,"shapes":[{"ty":"gr","it":[{"ind":0,"ty":"sh","ix":1,"ks":{"a":0,"k":{"i":[[100.854,0],[0,0],[0,100.854],[0,0],[0,0],[0,0]],"o":[[0,0],[-100.854,0],[0,0],[0,0],[0,0],[0,100.854]],"v":[[298.82,124.508],[-298.82,124.508],[-481.432,-58.104],[-481.432,-124.508],[481.432,-124.508],[481.432,-58.104]],"c":true},"ix":2},"nm":"Path 1","mn":"ADBE Vector Shape - Group","hd":false},{"ty":"fl","c":{"a":0,"k":[0.75117880106,0.510974168777,0.339399456978,1],"ix":4},"o":{"a":0,"k":100,"ix":5},"r":1,"bm":0,"nm":"Fill 1","mn":"ADBE Vector Graphic - Fill","hd":false},{"ty":"tr","p":{"a":0,"k":[492.186,864.44],"ix":2},"a":{"a":0,"k":[0,0],"ix":1},"s":{"a":0,"k":[100,100],"ix":3},"r":{"a":0,"k":0,"ix":6},"o":{"a":0,"k":100,"ix":7},"sk":{"a":0,"k":0,"ix":4},"sa":{"a":0,"k":0,"ix":5},"nm":"Transform"}],"nm":"Group 1","np":2,"cix":2,"bm":0,"ix":1,"mn":"ADBE Vector Group","hd":false}],"ip":0,"op":150,"st":0,"bm":0}]}],"layers":[{"ddd":0,"ind":1,"ty":0,"nm":"container","refId":"comp_0","sr":1,"ks":{"o":{"a":0,"k":100,"ix":11},"r":{"a":0,"k":0,"ix":10},"p":{"a":0,"k":[500,500,0],"ix":2},"a":{"a":0,"k":[500,500,0],"ix":1},"s":{"a":0,"k":[100,100,100],"ix":6}},"ao":0,"w":1000,"h":1000,"ip":0,"op":150,"st":0,"bm":0},{"ddd":0,"ind":2,"ty":0,"nm":"eggs","refId":"comp_1","sr":1,"ks":{"o":{"a":0,"k":100,"ix":11},"r":{"a":0,"k":0,"ix":10},"p":{"a":0,"k":[500,500,0],"ix":2},"a":{"a":0,"k":[500,500,0],"ix":1},"s":{"a":0,"k":[100,100,100],"ix":6}},"ao":0,"w":1000,"h":1000,"ip":0,"op":150,"st":0,"bm":0},{"ddd":0,"ind":3,"ty":0,"nm":"dish","refId":"comp_2","sr":1,"ks":{"o":{"a":0,"k":100,"ix":11},"r":{"a":0,"k":0,"ix":10},"p":{"a":0,"k":[500,500,0],"ix":2},"a":{"a":0,"k":[500,500,0],"ix":1},"s":{"a":0,"k":[100,100,100],"ix":6}},"ao":0,"w":1000,"h":1000,"ip":0,"op":150,"st":0,"bm":0},{"ddd":0,"ind":4,"ty":4,"nm":"Layer 13 Outlines","parent":9,"sr":1,"ks":{"o":{"a":0,"k":100,"ix":11},"r":{"a":0,"k":0,"ix":10},"p":{"a":0,"k":[500,500,0],"ix":2},"a":{"a":0,"k":[500,500,0],"ix":1},"s":{"a":0,"k":[100,100,100],"ix":6}},"ao":0,"shapes":[{"ty":"gr","it":[{"ind":0,"ty":"sh","ix":1,"ks":{"a":0,"k":{"i":[[2.886,0],[3.113,5.22],[-7.879,4.701],[0,0],[-4.702,-7.879],[7.879,-4.701],[0,0]],"o":[[-5.658,0],[-4.685,-7.863],[0,0],[7.879,-4.718],[4.685,7.864],[0,0],[-2.659,1.589]],"v":[[-64.346,56.167],[-78.629,48.061],[-72.857,25.299],[55.866,-51.449],[78.628,-45.678],[72.857,-22.916],[-55.867,53.832]],"c":true},"ix":2},"nm":"Path 1","mn":"ADBE Vector Shape - Group","hd":false},{"ty":"fl","c":{"a":0,"k":[0.976470648074,0.89019613827,0.819607902976,1],"ix":4},"o":{"a":0,"k":100,"ix":5},"r":1,"bm":0,"nm":"Fill 1","mn":"ADBE Vector Graphic - Fill","hd":false},{"ty":"tr","p":{"a":0,"k":[274.767,641.111],"ix":2},"a":{"a":0,"k":[0,0],"ix":1},"s":{"a":0,"k":[100,100],"ix":3},"r":{"a":0,"k":0,"ix":6},"o":{"a":0,"k":100,"ix":7},"sk":{"a":0,"k":0,"ix":4},"sa":{"a":0,"k":0,"ix":5},"nm":"Transform"}],"nm":"Group 1","np":2,"cix":2,"bm":0,"ix":1,"mn":"ADBE Vector Group","hd":false}],"ip":17,"op":150,"st":0,"bm":0},{"ddd":0,"ind":5,"ty":4,"nm":"Layer 14 Outlines","parent":9,"sr":1,"ks":{"o":{"a":0,"k":100,"ix":11},"r":{"a":0,"k":0,"ix":10},"p":{"a":0,"k":[500,500,0],"ix":2},"a":{"a":0,"k":[500,500,0],"ix":1},"s":{"a":0,"k":[100,100,100],"ix":6}},"ao":0,"shapes":[{"ty":"gr","it":[{"ind":0,"ty":"sh","ix":1,"ks":{"a":0,"k":{"i":[[2.886,0],[3.113,5.219],[-7.879,4.701],[0,0],[-4.702,-7.879],[7.879,-4.702],[0,0]],"o":[[-5.658,0],[-4.685,-7.864],[0,0],[7.879,-4.686],[4.685,7.863],[0,0],[-2.659,1.589]],"v":[[-64.346,56.15],[-78.629,48.046],[-72.857,25.284],[55.866,-51.464],[78.628,-45.693],[72.857,-22.931],[-55.867,53.816]],"c":true},"ix":2},"nm":"Path 1","mn":"ADBE Vector Shape - Group","hd":false},{"ty":"fl","c":{"a":0,"k":[0.976470648074,0.89019613827,0.819607902976,1],"ix":4},"o":{"a":0,"k":100,"ix":5},"r":1,"bm":0,"nm":"Fill 1","mn":"ADBE Vector Graphic - Fill","hd":false},{"ty":"tr","p":{"a":0,"k":[274.767,502.871],"ix":2},"a":{"a":0,"k":[0,0],"ix":1},"s":{"a":0,"k":[100,100],"ix":3},"r":{"a":0,"k":0,"ix":6},"o":{"a":0,"k":100,"ix":7},"sk":{"a":0,"k":0,"ix":4},"sa":{"a":0,"k":0,"ix":5},"nm":"Transform"}],"nm":"Group 1","np":2,"cix":2,"bm":0,"ix":1,"mn":"ADBE Vector Group","hd":false}],"ip":17,"op":150,"st":0,"bm":0},{"ddd":0,"ind":6,"ty":4,"nm":"Layer 15 Outlines","parent":9,"sr":1,"ks":{"o":{"a":0,"k":100,"ix":11},"r":{"a":0,"k":0,"ix":10},"p":{"a":0,"k":[500,500,0],"ix":2},"a":{"a":0,"k":[500,500,0],"ix":1},"s":{"a":0,"k":[100,100,100],"ix":6}},"ao":0,"shapes":[{"ty":"gr","it":[{"ind":0,"ty":"sh","ix":1,"ks":{"a":0,"k":{"i":[[2.886,0],[3.113,5.22],[-7.879,4.702],[0,0],[-4.702,-7.879],[7.879,-4.702],[0,0]],"o":[[-5.658,0],[-4.685,-7.863],[0,0],[7.879,-4.702],[4.685,7.863],[0,0],[-2.659,1.588]],"v":[[-64.346,56.15],[-78.629,48.045],[-72.857,25.283],[55.866,-51.449],[78.628,-45.678],[72.857,-22.915],[-55.867,53.816]],"c":true},"ix":2},"nm":"Path 1","mn":"ADBE Vector Shape - Group","hd":false},{"ty":"fl","c":{"a":0,"k":[0.976470648074,0.89019613827,0.819607902976,1],"ix":4},"o":{"a":0,"k":100,"ix":5},"r":1,"bm":0,"nm":"Fill 1","mn":"ADBE Vector Graphic - Fill","hd":false},{"ty":"tr","p":{"a":0,"k":[274.767,364.599],"ix":2},"a":{"a":0,"k":[0,0],"ix":1},"s":{"a":0,"k":[100,100],"ix":3},"r":{"a":0,"k":0,"ix":6},"o":{"a":0,"k":100,"ix":7},"sk":{"a":0,"k":0,"ix":4},"sa":{"a":0,"k":0,"ix":5},"nm":"Transform"}],"nm":"Group 1","np":2,"cix":2,"bm":0,"ix":1,"mn":"ADBE Vector Group","hd":false}],"ip":17,"op":150,"st":0,"bm":0},{"ddd":0,"ind":7,"ty":4,"nm":"Layer 16 Outlines","parent":9,"sr":1,"ks":{"o":{"a":0,"k":100,"ix":11},"r":{"a":0,"k":0,"ix":10},"p":{"a":0,"k":[500,500,0],"ix":2},"a":{"a":0,"k":[500,500,0],"ix":1},"s":{"a":0,"k":[100,100,100],"ix":6}},"ao":0,"shapes":[{"ty":"gr","it":[{"ind":0,"ty":"sh","ix":1,"ks":{"a":0,"k":{"i":[[2.886,0],[3.113,5.22],[-7.879,4.701],[0,0],[-4.702,-7.879],[7.879,-4.701],[0,0]],"o":[[-5.658,0],[-4.685,-7.863],[0,0],[7.879,-4.701],[4.685,7.863],[0,0],[-2.659,1.588]],"v":[[-64.346,56.158],[-78.629,48.053],[-72.857,25.29],[55.866,-51.457],[78.628,-45.686],[72.857,-22.924],[-55.867,53.824]],"c":true},"ix":2},"nm":"Path 1","mn":"ADBE Vector Shape - Group","hd":false},{"ty":"fl","c":{"a":0,"k":[0.976470648074,0.89019613827,0.819607902976,1],"ix":4},"o":{"a":0,"k":100,"ix":5},"r":1,"bm":0,"nm":"Fill 1","mn":"ADBE Vector Graphic - Fill","hd":false},{"ty":"tr","p":{"a":0,"k":[274.767,226.335],"ix":2},"a":{"a":0,"k":[0,0],"ix":1},"s":{"a":0,"k":[100,100],"ix":3},"r":{"a":0,"k":0,"ix":6},"o":{"a":0,"k":100,"ix":7},"sk":{"a":0,"k":0,"ix":4},"sa":{"a":0,"k":0,"ix":5},"nm":"Transform"}],"nm":"Group 1","np":2,"cix":2,"bm":0,"ix":1,"mn":"ADBE Vector Group","hd":false}],"ip":17,"op":150,"st":0,"bm":0},{"ddd":0,"ind":8,"ty":4,"nm":"Layer 19 Outlines","parent":9,"sr":1,"ks":{"o":{"a":0,"k":100,"ix":11},"r":{"a":0,"k":0,"ix":10},"p":{"a":0,"k":[500,500,0],"ix":2},"a":{"a":0,"k":[500,500,0],"ix":1},"s":{"a":0,"k":[100,100,100],"ix":6}},"ao":0,"shapes":[{"ty":"gr","it":[{"ind":0,"ty":"sh","ix":1,"ks":{"a":0,"k":{"i":[[9.549,0],[3.032,0.94],[0,0],[0,0],[-10.798,58.59],[11.284,61.8],[13.845,24.123],[5.496,19.115],[-19.423,43.448],[-77.234,0],[-10.878,-1.897],[-4.199,-1.005],[-23.184,-21.205],[13.213,-73.781],[30.998,-81.903],[7.474,-20.767],[7.214,-19.131],[2.416,-7.247],[9.84,-11.641]],"o":[[-3.194,0],[0,0],[0,0],[-19.228,-6.388],[13.456,-73.003],[-6.193,-33.851],[-10.586,-18.45],[-12.937,-44.939],[31.305,-70.004],[11.073,0],[4.312,0.745],[30.089,6.906],[49.803,45.491],[-17.801,99.461],[-7.83,20.638],[-6.906,19.26],[-2.545,6.76],[-6.16,18.498],[-6.015,7.117]],"v":[[17.411,353.52],[8.024,352.109],[6.662,351.687],[-105.702,327.223],[-118.915,248.741],[-126.454,40.903],[-162.169,-44.405],[-188.255,-99.397],[-178.187,-236.468],[3.274,-353.52],[36.363,-350.65],[49.138,-348.024],[130.409,-305.111],[187.978,-117.423],[115.445,152.118],[92.684,214.29],[71.64,271.924],[64.296,293.048],[41.924,342.317]],"c":true},"ix":2},"nm":"Path 1","mn":"ADBE Vector Shape - Group","hd":false},{"ty":"fl","c":{"a":0,"k":[0.800000059838,0.16862745098,0.16862745098,1],"ix":4},"o":{"a":0,"k":100,"ix":5},"r":1,"bm":0,"nm":"Fill 1","mn":"ADBE Vector Graphic - Fill","hd":false},{"ty":"tr","p":{"a":0,"k":[273.146,396.204],"ix":2},"a":{"a":0,"k":[0,0],"ix":1},"s":{"a":0,"k":[100,100],"ix":3},"r":{"a":0,"k":0,"ix":6},"o":{"a":0,"k":100,"ix":7},"sk":{"a":0,"k":0,"ix":4},"sa":{"a":0,"k":0,"ix":5},"nm":"Transform"}],"nm":"Group 1","np":2,"cix":2,"bm":0,"ix":1,"mn":"ADBE Vector Group","hd":false}],"ip":17,"op":150,"st":0,"bm":0},{"ddd":0,"ind":9,"ty":4,"nm":"meat","sr":1,"ks":{"o":{"a":0,"k":100,"ix":11},"r":{"a":1,"k":[{"i":{"x":[0.667],"y":[1]},"o":{"x":[0.333],"y":[0]},"t":17.667,"s":[-5]},{"i":{"x":[0.667],"y":[1]},"o":{"x":[0.333],"y":[0]},"t":22.334,"s":[5]},{"i":{"x":[0.667],"y":[1]},"o":{"x":[0.333],"y":[0]},"t":27,"s":[-5]},{"t":31.6669921875,"s":[0]}],"ix":10},"p":{"a":0,"k":[248,743,0],"ix":2},"a":{"a":0,"k":[248,743,0],"ix":1},"s":{"a":0,"k":[100,100,100],"ix":6}},"ao":0,"shapes":[{"ty":"gr","it":[{"ind":0,"ty":"sh","ix":1,"ks":{"a":0,"k":{"i":[[35.591,8.156],[5.014,0.875],[42.731,-95.562],[-15.194,-52.783],[-9.494,-51.969],[11.917,-64.616],[-55.105,-17.018],[-0.001,0],[-16.778,19.854],[-9.908,26.278],[-15.047,39.752],[-16.775,93.641],[61.481,56.175]],"o":[[-4.863,-1.163],[-103.124,-17.984],[-22.395,50.082],[14.474,50.281],[11.808,64.635],[-8.187,44.389],[0,0],[24.863,7.679],[18.422,-21.799],[14.993,-39.76],[33.704,-89.039],[14.327,-79.982],[-26.913,-24.592]],"v":[[57.059,-377.968],[42.241,-381.027],[-208.323,-247.688],[-219.977,-87.862],[-158.945,49.211],[-151.391,245.071],[-114.117,361.689],[-1.605,386.183],[67.472,366.07],[102.891,285.967],[146.663,166.214],[220.844,-109.234],[152.997,-327.285]],"c":true},"ix":2},"nm":"Path 1","mn":"ADBE Vector Shape - Group","hd":false},{"ty":"fl","c":{"a":0,"k":[0.976470648074,0.89019613827,0.819607902976,1],"ix":4},"o":{"a":0,"k":100,"ix":5},"r":1,"bm":0,"nm":"Fill 1","mn":"ADBE Vector Graphic - Fill","hd":false},{"ty":"tr","p":{"a":0,"k":[272.969,393.862],"ix":2},"a":{"a":0,"k":[0,0],"ix":1},"s":{"a":0,"k":[100,100],"ix":3},"r":{"a":0,"k":0,"ix":6},"o":{"a":0,"k":100,"ix":7},"sk":{"a":0,"k":0,"ix":4},"sa":{"a":0,"k":0,"ix":5},"nm":"Transform"}],"nm":"Group 1","np":2,"cix":2,"bm":0,"ix":1,"mn":"ADBE Vector Group","hd":false}],"ip":17,"op":150,"st":0,"bm":0},{"ddd":0,"ind":10,"ty":4,"nm":"Layer 23 Outlines","parent":11,"sr":1,"ks":{"o":{"a":0,"k":100,"ix":11},"r":{"a":0,"k":0,"ix":10},"p":{"a":0,"k":[500,500,0],"ix":2},"a":{"a":0,"k":[500,500,0],"ix":1},"s":{"a":0,"k":[100,100,100],"ix":6}},"ao":0,"shapes":[{"ty":"gr","it":[{"ind":0,"ty":"sh","ix":1,"ks":{"a":0,"k":{"i":[[-22.503,26.585],[-22.505,26.59],[-22.525,26.613],[-22.54,26.632],[-22.541,26.631],[0,0],[22.542,-26.632],[22.541,-26.632],[22.525,-26.612],[22.507,-26.59],[22.502,-26.585],[0,0],[0.948,0.803]],"o":[[22.506,-26.589],[22.525,-26.614],[22.541,-26.63],[22.541,-26.629],[0,0],[-22.541,26.63],[-22.541,26.63],[-22.526,26.612],[-22.507,26.59],[-22.502,26.586],[0,0],[26.736,22.63],[-26.585,-22.503]],"v":[[-31.624,109.937],[-7.9,38.74],[58.439,3.532],[82.233,-67.749],[148.604,-102.99],[97.918,-145.891],[31.548,-110.648],[7.754,-39.369],[-58.586,-4.163],[-82.31,67.036],[-148.603,102.187],[-148.576,102.209],[-97.918,145.089]],"c":true},"ix":2},"nm":"Path 1","mn":"ADBE Vector Shape - Group","hd":false},{"ty":"fl","c":{"a":0,"k":[0.800000059838,0.36862745098,0.247058838489,1],"ix":4},"o":{"a":0,"k":100,"ix":5},"r":1,"bm":0,"nm":"Fill 1","mn":"ADBE Vector Graphic - Fill","hd":false},{"ty":"tr","p":{"a":0,"k":[820.355,624.029],"ix":2},"a":{"a":0,"k":[0,0],"ix":1},"s":{"a":0,"k":[100,100],"ix":3},"r":{"a":0,"k":0,"ix":6},"o":{"a":0,"k":100,"ix":7},"sk":{"a":0,"k":0,"ix":4},"sa":{"a":0,"k":0,"ix":5},"nm":"Transform"}],"nm":"Group 1","np":2,"cix":2,"bm":0,"ix":1,"mn":"ADBE Vector Group","hd":false}],"ip":17,"op":150,"st":0,"bm":0},{"ddd":0,"ind":11,"ty":4,"nm":"Bacon","sr":1,"ks":{"o":{"a":0,"k":100,"ix":11},"r":{"a":1,"k":[{"i":{"x":[0.667],"y":[1]},"o":{"x":[0.333],"y":[0]},"t":45.667,"s":[-5]},{"i":{"x":[0.667],"y":[1]},"o":{"x":[0.333],"y":[0]},"t":50.334,"s":[5]},{"i":{"x":[0.667],"y":[1]},"o":{"x":[0.333],"y":[0]},"t":55,"s":[-5]},{"t":59.6669921875,"s":[0]}],"ix":10},"p":{"a":0,"k":[524,1022,0],"ix":2},"a":{"a":0,"k":[524,1022,0],"ix":1},"s":{"a":0,"k":[100,100,100],"ix":6}},"ao":0,"shapes":[{"ty":"gr","it":[{"ind":0,"ty":"sh","ix":1,"ks":{"a":0,"k":{"i":[[0,0],[22.541,-26.631],[22.541,-26.63],[22.526,-26.612],[22.506,-26.589],[-26.586,-22.503],[0,0],[-22.502,26.585],[-22.506,26.59],[-22.526,26.612],[-22.541,26.631],[-22.541,26.631]],"o":[[-22.541,26.631],[-22.541,26.631],[-22.526,26.613],[-22.506,26.589],[-22.502,26.586],[2.027,1.717],[22.502,-26.586],[22.506,-26.589],[22.526,-26.612],[22.541,-26.631],[22.541,-26.631],[0,0]],"v":[[180.281,-76.634],[113.911,-41.391],[90.117,29.89],[23.777,65.095],[0.053,136.293],[-66.24,171.445],[-180.281,74.917],[-113.989,39.765],[-90.265,-31.433],[-23.924,-66.64],[-0.131,-137.919],[66.239,-173.162]],"c":true},"ix":2},"nm":"Path 1","mn":"ADBE Vector Shape - Group","hd":false},{"ty":"fl","c":{"a":0,"k":[0.800000059838,0.16862745098,0.16862745098,1],"ix":4},"o":{"a":0,"k":100,"ix":5},"r":1,"bm":0,"nm":"Fill 1","mn":"ADBE Vector Graphic - Fill","hd":false},{"ty":"tr","p":{"a":0,"k":[788.677,597.673],"ix":2},"a":{"a":0,"k":[0,0],"ix":1},"s":{"a":0,"k":[100,100],"ix":3},"r":{"a":0,"k":0,"ix":6},"o":{"a":0,"k":100,"ix":7},"sk":{"a":0,"k":0,"ix":4},"sa":{"a":0,"k":0,"ix":5},"nm":"Transform"}],"nm":"Group 1","np":2,"cix":2,"bm":0,"ix":1,"mn":"ADBE Vector Group","hd":false}],"ip":17,"op":150,"st":0,"bm":0},{"ddd":0,"ind":12,"ty":4,"nm":"Layer 21 Outlines","parent":15,"sr":1,"ks":{"o":{"a":0,"k":100,"ix":11},"r":{"a":0,"k":0,"ix":10},"p":{"a":0,"k":[500,500,0],"ix":2},"a":{"a":0,"k":[500,500,0],"ix":1},"s":{"a":0,"k":[100,100,100],"ix":6}},"ao":0,"shapes":[{"ty":"gr","it":[{"ind":0,"ty":"sh","ix":1,"ks":{"a":0,"k":{"i":[[18.326,16.078],[1.79,1.295],[3.652,-13.779],[31.765,4.46],[6.39,-12.215],[0,0],[14.27,9.621],[4.32,2.26],[3.044,1.404],[0,0],[-15.068,-7.883],[-12.004,-10.246],[0,0],[0,0],[-13.653,-1.918],[-9.273,34.971]],"o":[[-1.719,-1.508],[5.306,12.981],[-9.273,34.97],[-13.654,-1.917],[0,0],[-9.196,14.548],[-5.487,-3.699],[-2.993,-1.566],[0,0],[16.141,4.044],[14.287,7.475],[0,0],[0,0],[6.391,-12.216],[31.765,4.46],[6.248,-23.566]],"v":[[100.728,-113.355],[95.411,-117.402],[98.413,-76.07],[24.698,-26.497],[-8.891,-10.422],[-40.633,39.8],[-83.459,48.609],[-98.706,39.21],[-107.87,35.116],[-127.069,71.814],[-80.135,89.542],[-40.97,116.537],[-39.302,117.402],[13.518,17.967],[47.107,1.893],[120.822,-47.681]],"c":true},"ix":2},"nm":"Path 1","mn":"ADBE Vector Shape - Group","hd":false},{"ty":"fl","c":{"a":0,"k":[0.976470648074,0.854902020623,0.752941236309,1],"ix":4},"o":{"a":0,"k":100,"ix":5},"r":1,"bm":0,"nm":"Fill 1","mn":"ADBE Vector Graphic - Fill","hd":false},{"ty":"tr","p":{"a":0,"k":[740.302,186.087],"ix":2},"a":{"a":0,"k":[0,0],"ix":1},"s":{"a":0,"k":[100,100],"ix":3},"r":{"a":0,"k":0,"ix":6},"o":{"a":0,"k":100,"ix":7},"sk":{"a":0,"k":0,"ix":4},"sa":{"a":0,"k":0,"ix":5},"nm":"Transform"}],"nm":"Group 1","np":2,"cix":2,"bm":0,"ix":1,"mn":"ADBE Vector Group","hd":false}],"ip":17,"op":150,"st":0,"bm":0},{"ddd":0,"ind":13,"ty":4,"nm":"Layer 22 Outlines","parent":15,"sr":1,"ks":{"o":{"a":0,"k":100,"ix":11},"r":{"a":0,"k":0,"ix":10},"p":{"a":0,"k":[500,500,0],"ix":2},"a":{"a":0,"k":[500,500,0],"ix":1},"s":{"a":0,"k":[100,100,100],"ix":6}},"ao":0,"shapes":[{"ty":"gr","it":[{"ind":0,"ty":"sh","ix":1,"ks":{"a":0,"k":{"i":[[18.326,16.078],[21.841,-8.481],[26.474,6.587],[15.797,-18.57],[-21.775,-23.553],[6.391,-12.214],[0,0],[-15.068,-7.883],[-12.004,-10.246],[0,0],[0,0],[-13.653,-1.918],[-9.273,34.971]],"o":[[-20.507,-17.991],[-5.487,-22.779],[-23.658,-5.888],[-23.442,27.558],[9.358,10.122],[0,0],[16.141,4.044],[14.287,7.475],[0,0],[0,0],[6.391,-12.216],[31.765,4.46],[6.248,-23.566]],"v":[[100.728,-81.747],[32.382,-93.911],[-16.582,-143.122],[-81.99,-122.183],[-80.685,-33.358],[-74.738,3.399],[-127.069,103.422],[-80.135,121.15],[-40.97,148.145],[-39.302,149.01],[13.518,49.575],[47.107,33.501],[120.822,-16.073]],"c":true},"ix":2},"nm":"Path 1","mn":"ADBE Vector Shape - Group","hd":false},{"ty":"fl","c":{"a":0,"k":[0.976470648074,0.89019613827,0.819607902976,1],"ix":4},"o":{"a":0,"k":100,"ix":5},"r":1,"bm":0,"nm":"Fill 1","mn":"ADBE Vector Graphic - Fill","hd":false},{"ty":"tr","p":{"a":0,"k":[740.302,154.479],"ix":2},"a":{"a":0,"k":[0,0],"ix":1},"s":{"a":0,"k":[100,100],"ix":3},"r":{"a":0,"k":0,"ix":6},"o":{"a":0,"k":100,"ix":7},"sk":{"a":0,"k":0,"ix":4},"sa":{"a":0,"k":0,"ix":5},"nm":"Transform"}],"nm":"Group 1","np":2,"cix":2,"bm":0,"ix":1,"mn":"ADBE Vector Group","hd":false}],"ip":17,"op":150,"st":0,"bm":0},{"ddd":0,"ind":14,"ty":4,"nm":"Layer 25 Outlines","parent":15,"sr":1,"ks":{"o":{"a":0,"k":100,"ix":11},"r":{"a":0,"k":0,"ix":10},"p":{"a":0,"k":[500,500,0],"ix":2},"a":{"a":0,"k":[500,500,0],"ix":1},"s":{"a":0,"k":[100,100,100],"ix":6}},"ao":0,"shapes":[{"ty":"gr","it":[{"ind":0,"ty":"sh","ix":1,"ks":{"a":0,"k":{"i":[[-97.757,186.849],[52.547,98.405],[-44.545,106.867],[-7.052,112.938],[68.67,-131.253],[-138.105,-72.255]],"o":[[69.155,-132.179],[-126.209,190.564],[37.755,-90.578],[-110.097,13.853],[-97.757,186.848],[138.105,72.257]],"v":[[262.574,118.166],[282.76,-255.971],[-17.949,-0.906],[55.993,-373.388],[-237.55,-143.495],[-164.493,325.654]],"c":true},"ix":2},"nm":"Path 1","mn":"ADBE Vector Shape - Group","hd":false},{"ty":"fl","c":{"a":0,"k":[0.921568687289,0.509803921569,0.211764720842,1],"ix":4},"o":{"a":0,"k":100,"ix":5},"r":1,"bm":0,"nm":"Fill 1","mn":"ADBE Vector Graphic - Fill","hd":false},{"ty":"tr","p":{"a":0,"k":[470.647,626.612],"ix":2},"a":{"a":0,"k":[0,0],"ix":1},"s":{"a":0,"k":[100,100],"ix":3},"r":{"a":0,"k":0,"ix":6},"o":{"a":0,"k":100,"ix":7},"sk":{"a":0,"k":0,"ix":4},"sa":{"a":0,"k":0,"ix":5},"nm":"Transform"}],"nm":"Group 1","np":2,"cix":2,"bm":0,"ix":1,"mn":"ADBE Vector Group","hd":false}],"ip":17,"op":150,"st":0,"bm":0},{"ddd":0,"ind":15,"ty":4,"nm":"Chicken","sr":1,"ks":{"o":{"a":0,"k":100,"ix":11},"r":{"a":1,"k":[{"i":{"x":[0.667],"y":[1]},"o":{"x":[0.333],"y":[0]},"t":32,"s":[-5]},{"i":{"x":[0.667],"y":[1]},"o":{"x":[0.333],"y":[0]},"t":36.667,"s":[5]},{"i":{"x":[0.667],"y":[1]},"o":{"x":[0.333],"y":[0]},"t":41.333,"s":[-5]},{"t":46,"s":[0]}],"ix":10},"p":{"a":0,"k":[260,974,0],"ix":2},"a":{"a":0,"k":[260,974,0],"ix":1},"s":{"a":0,"k":[100,100,100],"ix":6}},"ao":0,"shapes":[{"ty":"gr","it":[{"ind":0,"ty":"sh","ix":1,"ks":{"a":0,"k":{"i":[[97.758,-186.849],[138.106,72.256],[-97.757,186.848],[-138.105,-72.256]],"o":[[-97.758,186.849],[-138.105,-72.256],[97.758,-186.848],[138.106,72.255]],"v":[[250.062,143.092],[-177.006,350.581],[-250.063,-118.569],[177.005,-326.057]],"c":true},"ix":2},"nm":"Path 1","mn":"ADBE Vector Shape - Group","hd":false},{"ty":"fl","c":{"a":0,"k":[0.921568687289,0.560784313725,0.301960784314,1],"ix":4},"o":{"a":0,"k":100,"ix":5},"r":1,"bm":0,"nm":"Fill 1","mn":"ADBE Vector Graphic - Fill","hd":false},{"ty":"tr","p":{"a":0,"k":[483.16,601.687],"ix":2},"a":{"a":0,"k":[0,0],"ix":1},"s":{"a":0,"k":[100,100],"ix":3},"r":{"a":0,"k":0,"ix":6},"o":{"a":0,"k":100,"ix":7},"sk":{"a":0,"k":0,"ix":4},"sa":{"a":0,"k":0,"ix":5},"nm":"Transform"}],"nm":"Group 1","np":2,"cix":2,"bm":0,"ix":1,"mn":"ADBE Vector Group","hd":false}],"ip":17,"op":150,"st":0,"bm":0}],"markers":[]}