{"v":"5.7.1","fr":30,"ip":0,"op":10,"w":1920,"h":1080,"nm":"Womenrunonthridmill","ddd":0,"assets":[],"layers":[{"ddd":0,"ind":1,"ty":4,"nm":"Right Shoes","sr":1,"ks":{"o":{"a":0,"k":100,"ix":11},"r":{"a":0,"k":0,"ix":10},"p":{"a":0,"k":[925.485,765.387,0],"ix":2},"a":{"a":0,"k":[55.008,13.948,0],"ix":1},"s":{"a":0,"k":[100,100,100],"ix":6}},"ao":0,"shapes":[{"ty":"gr","it":[{"ind":0,"ty":"sh","ix":1,"ks":{"a":1,"k":[{"i":{"x":0.833,"y":0.833},"o":{"x":0.333,"y":0},"t":0,"s":[{"i":[[-14.544,18.061],[-13.308,12.029],[-10.545,-4.553],[54.284,3.16],[22.842,3.076]],"o":[[0,0],[0,0],[0,0],[0,0],[0,0]],"v":[[-40.214,-13.698],[-22.036,-13.65],[32.18,-2.951],[0.474,10.538],[-50.573,10.404]],"c":true}]},{"i":{"x":0,"y":0.852},"o":{"x":0.167,"y":0.167},"t":3,"s":[{"i":[[-14.544,18.061],[-13.308,12.029],[-10.545,-4.553],[54.284,3.16],[22.842,3.076]],"o":[[0,0],[0,0],[0,0],[0,0],[0,0]],"v":[[-40.214,-13.698],[-22.036,-13.65],[32.18,-2.951],[0.474,10.538],[-50.573,10.404]],"c":true}]},{"i":{"x":0,"y":1},"o":{"x":0.333,"y":0},"t":5,"s":[{"i":[[-14.544,18.061],[-13.308,12.029],[-10.545,-4.553],[54.284,3.16],[22.842,3.076]],"o":[[0,0],[0,0],[0,0],[0,0],[0,0]],"v":[[-40.214,-13.698],[-22.036,-13.65],[32.18,-2.951],[0.474,10.538],[-50.573,10.404]],"c":true}]},{"t":9,"s":[{"i":[[-14.544,18.061],[-13.308,12.029],[-10.545,-4.553],[54.284,3.16],[22.842,3.076]],"o":[[0,0],[0,0],[0,0],[0,0],[0,0]],"v":[[-40.214,-13.698],[-22.036,-13.65],[32.18,-2.951],[0.474,10.538],[-50.573,10.404]],"c":true}]}],"ix":2},"nm":"Path 1","mn":"ADBE Vector Shape - Group","hd":false},{"ty":"fl","c":{"a":0,"k":[1,0.470999983245,0.40800000359,1],"ix":4},"o":{"a":0,"k":100,"ix":5},"r":1,"bm":0,"nm":"Fill 1","mn":"ADBE Vector Graphic - Fill","hd":false},{"ty":"tr","p":{"a":1,"k":[{"i":{"x":0.667,"y":0.779},"o":{"x":0.333,"y":0},"t":0,"s":[-53.992,5.948],"to":[-0.003,0],"ti":[2.618,0]},{"i":{"x":0.667,"y":0.8},"o":{"x":0.333,"y":0.126},"t":1,"s":[-75.353,-1.052],"to":[-3.05,0],"ti":[3.705,0]},{"i":{"x":0.667,"y":0.498},"o":{"x":0.333,"y":0.344},"t":2,"s":[-112.089,-15.052],"to":[-8.884,0],"ti":[-10.934,0]},{"i":{"x":0.667,"y":0.297},"o":{"x":0.333,"y":0.14},"t":3,"s":[-121.334,-26.052],"to":[6.472,0],"ti":[-32.072,-8.003]},{"i":{"x":0.667,"y":1},"o":{"x":0.329,"y":1},"t":4,"s":[-41.09,-10.044],"to":[32.051,7.997],"ti":[0.003,0]},{"i":{"x":0.667,"y":0.453},"o":{"x":0.333,"y":0},"t":5,"s":[13.383,5.948],"to":[-0.02,0],"ti":[6.302,0]},{"i":{"x":0.667,"y":0.597},"o":{"x":0.333,"y":0.367},"t":6,"s":[-7.146,5.948],"to":[-6.317,0],"ti":[6.941,0]},{"i":{"x":0.667,"y":0.711},"o":{"x":0.333,"y":0.858},"t":7,"s":[-37.716,4.948],"to":[-6.941,0],"ti":[2.336,0]},{"i":{"x":0.667,"y":1},"o":{"x":0.16,"y":1},"t":8,"s":[-52.063,5.948],"to":[-2.336,0],"ti":[0,0]},{"t":9,"s":[-54,5.948]}],"ix":2},"a":{"a":1,"k":[{"i":{"x":0.667,"y":0.986},"o":{"x":0.333,"y":0},"t":0,"s":[-31,-8],"to":[0.103,0],"ti":[-0.249,0]},{"i":{"x":0.667,"y":1},"o":{"x":0.333,"y":0.009},"t":3,"s":[-7.352,21],"to":[0.153,0],"ti":[-0.063,0]},{"i":{"x":0.667,"y":0.667},"o":{"x":0.333,"y":0.333},"t":5,"s":[-30,-8],"to":[0,0],"ti":[0,0]},{"t":9,"s":[-30,-8]}],"ix":1},"s":{"a":0,"k":[100,100],"ix":3},"r":{"a":1,"k":[{"i":{"x":[0.667],"y":[0.629]},"o":{"x":[0.333],"y":[0]},"t":0,"s":[0]},{"i":{"x":[0.667],"y":[1]},"o":{"x":[0.333],"y":[0.493]},"t":1,"s":[17.148]},{"i":{"x":[0.667],"y":[1]},"o":{"x":[0.333],"y":[0]},"t":3,"s":[43]},{"i":{"x":[0.667],"y":[1]},"o":{"x":[0.333],"y":[0]},"t":5,"s":[0]},{"t":9,"s":[0]}],"ix":6},"o":{"a":0,"k":100,"ix":7},"sk":{"a":0,"k":0,"ix":4},"sa":{"a":0,"k":0,"ix":5},"nm":"Transform"}],"nm":"Group 1","np":2,"cix":2,"bm":0,"ix":1,"mn":"ADBE Vector Group","hd":false}],"ip":0,"op":10,"st":0,"bm":0},{"ddd":0,"ind":2,"ty":4,"nm":"Right Hand","sr":1,"ks":{"o":{"a":0,"k":100,"ix":11},"r":{"a":0,"k":0,"ix":10},"p":{"a":0,"k":[926.94,415.798,0],"ix":2},"a":{"a":0,"k":[72.816,48.786,0],"ix":1},"s":{"a":0,"k":[100,100,100],"ix":6}},"ao":0,"shapes":[{"ty":"gr","it":[{"ind":0,"ty":"sh","ix":1,"ks":{"a":1,"k":[{"i":{"x":0,"y":1},"o":{"x":0.333,"y":0},"t":0,"s":[{"i":[[14.573,-3.911],[0,0],[0.126,-2.174],[0,0],[0,0],[0.155,0.678],[9.368,-2.151],[-2.15,-9.369],[0,0],[-6.795,0.692],[-2.056,1.902],[0,0],[-0.097,-0.178],[-15.363,18.758]],"o":[[-11.6,3.113],[-1.554,1.706],[0,0],[0,0],[-0.074,-0.674],[-2.15,-9.368],[-9.369,2.15],[0,0],[1.483,6.492],[3.001,-0.306],[0,0],[0.119,0.145],[1.131,2.05],[10.226,-12.485]],"v":[[51.158,-25.88],[22.265,-12.732],[19.736,-6.717],[-31.458,14.778],[-36.138,-31.186],[-36.49,-33.316],[-57.347,-46.385],[-70.417,-25.529],[-55.945,37.523],[-41.544,47.844],[-33.829,44.352],[33.255,6.641],[33.585,7.119],[62.34,-13.082]],"c":true}]},{"i":{"x":0,"y":1},"o":{"x":0.167,"y":0},"t":5,"s":[{"i":[[14.573,-3.911],[0,0],[0.126,-2.174],[0,0],[0,0],[0.155,0.678],[9.368,-2.151],[-2.15,-9.369],[0,0],[-6.795,0.692],[-2.056,1.902],[0,0],[-0.097,-0.178],[-15.363,18.758]],"o":[[-11.6,3.113],[-1.554,1.706],[0,0],[0,0],[-0.074,-0.674],[-2.15,-9.368],[-9.369,2.15],[0,0],[1.483,6.492],[3.001,-0.306],[0,0],[0.119,0.145],[1.131,2.05],[10.226,-12.485]],"v":[[51.158,-25.88],[22.265,-12.732],[19.736,-6.717],[-31.458,14.778],[-36.138,-31.186],[-36.49,-33.316],[-57.347,-46.385],[-70.417,-25.529],[-55.945,37.523],[-41.544,47.844],[-33.829,44.352],[33.255,6.641],[33.585,7.119],[62.34,-13.082]],"c":true}]},{"t":9,"s":[{"i":[[14.573,-3.911],[0,0],[0.126,-2.174],[0,0],[0,0],[0.155,0.678],[9.368,-2.151],[-2.15,-9.369],[0,0],[-6.795,0.692],[-2.056,1.902],[0,0],[-0.097,-0.178],[-15.363,18.758]],"o":[[-11.6,3.113],[-1.554,1.706],[0,0],[0,0],[-0.074,-0.674],[-2.15,-9.368],[-9.369,2.15],[0,0],[1.483,6.492],[3.001,-0.306],[0,0],[0.119,0.145],[1.131,2.05],[10.226,-12.485]],"v":[[51.158,-25.88],[22.265,-12.732],[19.736,-6.717],[-31.458,14.778],[-36.138,-31.186],[-36.49,-33.316],[-57.347,-46.385],[-70.417,-25.529],[-55.945,37.523],[-41.544,47.844],[-33.829,44.352],[33.255,6.641],[33.585,7.119],[62.34,-13.082]],"c":true}]}],"ix":2},"nm":"Path 1","mn":"ADBE Vector Shape - Group","hd":false},{"ty":"fl","c":{"a":0,"k":[0.948999980852,0.694000004787,0.689999988032,1],"ix":4},"o":{"a":0,"k":100,"ix":5},"r":1,"bm":0,"nm":"Fill 1","mn":"ADBE Vector Graphic - Fill","hd":false},{"ty":"tr","p":{"a":0,"k":[18.817,16.787],"ix":2},"a":{"a":1,"k":[{"i":{"x":0.667,"y":0.667},"o":{"x":0.333,"y":0.333},"t":0,"s":[-54,-30],"to":[0,0],"ti":[0,0]},{"i":{"x":0.667,"y":0.667},"o":{"x":0.167,"y":0.167},"t":5,"s":[-54,-30],"to":[0,0],"ti":[0,0]},{"t":9,"s":[-54,-30]}],"ix":1},"s":{"a":0,"k":[100,100],"ix":3},"r":{"a":1,"k":[{"i":{"x":[0.667],"y":[1]},"o":{"x":[0.869],"y":[0.025]},"t":0,"s":[0]},{"i":{"x":[0.667],"y":[1]},"o":{"x":[0.167],"y":[0]},"t":5,"s":[82.818]},{"t":9,"s":[6.818]}],"ix":6},"o":{"a":0,"k":100,"ix":7},"sk":{"a":0,"k":0,"ix":4},"sa":{"a":0,"k":0,"ix":5},"nm":"Transform"}],"nm":"Group 1","np":2,"cix":2,"bm":0,"ix":1,"mn":"ADBE Vector Group","hd":false}],"ip":0,"op":10,"st":0,"bm":0},{"ddd":0,"ind":3,"ty":4,"nm":"Tshirt","sr":1,"ks":{"o":{"a":0,"k":100,"ix":11},"r":{"a":0,"k":0,"ix":10},"p":{"a":0,"k":[874.577,422.532,0],"ix":2},"a":{"a":0,"k":[49.339,83.812,0],"ix":1},"s":{"a":0,"k":[100,100,100],"ix":6}},"ao":0,"shapes":[{"ty":"gr","it":[{"ind":0,"ty":"sh","ix":1,"ks":{"a":0,"k":{"i":[[-39.075,-6.856],[18.852,-42.981],[0,0],[20.275,-3.364],[2.108,26.761]],"o":[[21.386,3.752],[0,0],[0,0],[0,0],[-0.937,-11.889]],"v":[[-8.974,-76.706],[30.237,-11.857],[35.662,83.561],[-49.089,83.561],[-36.12,-20.905]],"c":true},"ix":2},"nm":"Path 1","mn":"ADBE Vector Shape - Group","hd":false},{"ty":"fl","c":{"a":0,"k":[0.105999995213,0.030999998953,0.513999968884,1],"ix":4},"o":{"a":0,"k":100,"ix":5},"r":1,"bm":0,"nm":"Fill 1","mn":"ADBE Vector Graphic - Fill","hd":false},{"ty":"tr","p":{"a":1,"k":[{"i":{"x":0.667,"y":1},"o":{"x":0.333,"y":0},"t":0,"s":[49.339,83.812],"to":[0,-0.966],"ti":[0,0]},{"i":{"x":0.667,"y":1},"o":{"x":0.333,"y":0},"t":3,"s":[49.339,78.015],"to":[0,0],"ti":[0,0]},{"i":{"x":0.667,"y":1},"o":{"x":0.333,"y":0},"t":6,"s":[49.339,83.812],"to":[0,0],"ti":[0,0]},{"i":{"x":0.667,"y":1},"o":{"x":0.333,"y":0},"t":8,"s":[49.339,78.015],"to":[0,0],"ti":[0,-0.966]},{"t":9,"s":[49.339,83.812]}],"ix":2},"a":{"a":0,"k":[0,0],"ix":1},"s":{"a":0,"k":[100,100],"ix":3},"r":{"a":0,"k":0,"ix":6},"o":{"a":0,"k":100,"ix":7},"sk":{"a":0,"k":0,"ix":4},"sa":{"a":0,"k":0,"ix":5},"nm":"Transform"}],"nm":"Group 1","np":2,"cix":2,"bm":0,"ix":1,"mn":"ADBE Vector Group","hd":false}],"ip":0,"op":10,"st":0,"bm":0},{"ddd":0,"ind":4,"ty":4,"nm":"Right Pant","sr":1,"ks":{"o":{"a":0,"k":100,"ix":11},"r":{"a":0,"k":0,"ix":10},"p":{"a":0,"k":[864.556,538.624,0],"ix":2},"a":{"a":0,"k":[45.924,39.701,0],"ix":1},"s":{"a":0,"k":[100,100,100],"ix":6}},"ao":0,"shapes":[{"ty":"gr","it":[{"ind":0,"ty":"sh","ix":1,"ks":{"a":1,"k":[{"i":{"x":0.116,"y":1},"o":{"x":0.333,"y":0},"t":0,"s":[{"i":[[-3.385,-3.496],[0,0],[0,0],[0,0],[3.236,4.544]],"o":[[0,0],[0,0],[0,0],[0,0],[-13.269,-18.636]],"v":[[-32.267,-35.955],[45.673,-35.2],[27.166,39.45],[-29.717,39.01],[-32.405,17.584]],"c":true}]},{"i":{"x":0,"y":0.641},"o":{"x":0.333,"y":0},"t":5,"s":[{"i":[[-3.385,-3.496],[0,0],[0,0],[0,0],[3.236,4.544]],"o":[[0,0],[0,0],[0,0],[0,0],[-13.269,-18.636]],"v":[[-32.267,-35.955],[45.673,-35.2],[27.166,39.45],[-29.717,39.01],[-32.405,17.584]],"c":true}]},{"t":9,"s":[{"i":[[-3.385,-3.496],[0,0],[0,0],[0,0],[3.236,4.544]],"o":[[0,0],[0,0],[0,0],[0,0],[-13.269,-18.636]],"v":[[-32.267,-35.955],[45.673,-35.2],[27.166,39.45],[-29.717,39.01],[-32.405,17.584]],"c":true}]}],"ix":2},"nm":"Path 1","mn":"ADBE Vector Shape - Group","hd":false},{"ty":"fl","c":{"a":0,"k":[0.757000014361,0.219999994016,0.929000016755,1],"ix":4},"o":{"a":0,"k":100,"ix":5},"r":1,"bm":0,"nm":"Fill 1","mn":"ADBE Vector Graphic - Fill","hd":false},{"ty":"tr","p":{"a":1,"k":[{"i":{"x":0.667,"y":0.667},"o":{"x":0.333,"y":0.333},"t":0,"s":[48.923,14.701],"to":[0,0],"ti":[0,0]},{"i":{"x":0.667,"y":0.667},"o":{"x":0.333,"y":0.333},"t":5,"s":[48.923,14.701],"to":[0,0],"ti":[0,0]},{"t":9,"s":[48.923,14.701]}],"ix":2},"a":{"a":1,"k":[{"i":{"x":0.667,"y":0.667},"o":{"x":0.333,"y":0.333},"t":0,"s":[3,-25],"to":[0,0],"ti":[0,0]},{"i":{"x":0.667,"y":0.667},"o":{"x":0.333,"y":0.333},"t":5,"s":[3,-25],"to":[0,0],"ti":[0,0]},{"t":9,"s":[3,-25]}],"ix":1},"s":{"a":0,"k":[100,100],"ix":3},"r":{"a":1,"k":[{"i":{"x":[0.667],"y":[1]},"o":{"x":[0.333],"y":[0]},"t":0,"s":[5]},{"i":{"x":[0.667],"y":[1]},"o":{"x":[0.333],"y":[0]},"t":5,"s":[-21]},{"t":9,"s":[5]}],"ix":6},"o":{"a":0,"k":100,"ix":7},"sk":{"a":0,"k":0,"ix":4},"sa":{"a":0,"k":0,"ix":5},"nm":"Transform"}],"nm":"Group 1","np":2,"cix":2,"bm":0,"ix":1,"mn":"ADBE Vector Group","hd":false}],"ip":0,"op":10,"st":0,"bm":0},{"ddd":0,"ind":5,"ty":4,"nm":"Right Leg lower part","sr":1,"ks":{"o":{"a":0,"k":100,"ix":11},"r":{"a":0,"k":0,"ix":10},"p":{"a":0,"k":[884.81,682.445,0],"ix":2},"a":{"a":0,"k":[23.858,81.053,0],"ix":1},"s":{"a":0,"k":[100,100,100],"ix":6}},"ao":0,"shapes":[{"ty":"gr","it":[{"ind":0,"ty":"sh","ix":1,"ks":{"a":1,"k":[{"i":{"x":0.833,"y":0.833},"o":{"x":0.333,"y":0},"t":0,"s":[{"i":[[0.12,-1.973],[0,0],[4,0.265],[0.656,3.103],[0,0],[-12.176,2.566],[-2.566,-12.177]],"o":[[0,0],[-0.264,4],[-3.32,-0.22],[0,0],[-2.566,-12.176],[12.177,-2.566],[0.427,2.028]],"v":[[23.488,-54.704],[16.366,73.774],[8.644,80.538],[2.019,74.791],[-21.042,-51.544],[-3.641,-78.237],[23.053,-60.836]],"c":true}]},{"i":{"x":0.047,"y":1},"o":{"x":0.167,"y":0.167},"t":3,"s":[{"i":[[0.12,-1.973],[0,0],[4,0.265],[0.656,3.103],[0,0],[-12.176,2.566],[-2.566,-12.177]],"o":[[0,0],[-0.264,4],[-3.32,-0.22],[0,0],[-2.566,-12.176],[12.177,-2.566],[0.427,2.028]],"v":[[23.488,-54.704],[16.366,73.774],[8.644,80.538],[2.019,74.791],[-21.042,-51.544],[-3.641,-78.237],[23.053,-60.836]],"c":true}]},{"i":{"x":0.833,"y":0.833},"o":{"x":0.333,"y":0},"t":5,"s":[{"i":[[0.12,-1.973],[0,0],[4,0.265],[0.656,3.103],[0,0],[-12.176,2.566],[-2.566,-12.177]],"o":[[0,0],[-0.264,4],[-3.32,-0.22],[0,0],[-2.566,-12.176],[12.177,-2.566],[0.427,2.028]],"v":[[23.488,-54.704],[16.366,73.774],[8.644,80.538],[2.019,74.791],[-21.042,-51.544],[-3.641,-78.237],[23.053,-60.836]],"c":true}]},{"i":{"x":0,"y":1},"o":{"x":0.167,"y":0.167},"t":7,"s":[{"i":[[0.12,-1.973],[0,0],[4,0.265],[0.656,3.103],[0,0],[-12.176,2.566],[-2.566,-12.177]],"o":[[0,0],[-0.264,4],[-3.32,-0.22],[0,0],[-2.566,-12.176],[12.177,-2.566],[0.427,2.028]],"v":[[23.488,-54.704],[16.366,73.774],[8.644,80.538],[2.019,74.791],[-21.042,-51.544],[-3.641,-78.237],[23.053,-60.836]],"c":true}]},{"t":9,"s":[{"i":[[0.12,-1.973],[0,0],[4,0.265],[0.656,3.103],[0,0],[-12.176,2.566],[-2.566,-12.177]],"o":[[0,0],[-0.264,4],[-3.32,-0.22],[0,0],[-2.566,-12.176],[12.177,-2.566],[0.427,2.028]],"v":[[23.488,-54.704],[16.366,73.774],[8.644,80.538],[2.019,74.791],[-21.042,-51.544],[-3.641,-78.237],[23.053,-60.836]],"c":true}]}],"ix":2},"nm":"Path 1","mn":"ADBE Vector Shape - Group","hd":false},{"ty":"fl","c":{"a":0,"k":[0.948999980852,0.694000004787,0.689999988032,1],"ix":4},"o":{"a":0,"k":100,"ix":5},"r":1,"bm":0,"nm":"Fill 1","mn":"ADBE Vector Graphic - Fill","hd":false},{"ty":"tr","p":{"a":1,"k":[{"i":{"x":0.757,"y":0},"o":{"x":0.333,"y":0},"t":0,"s":[-11.142,24.053],"to":[0.599,0],"ti":[-11.102,0]},{"i":{"x":0.667,"y":1},"o":{"x":0.333,"y":0.545},"t":3,"s":[7.905,24.053],"to":[9.841,0],"ti":[-0.003,0]},{"i":{"x":0.667,"y":0.111},"o":{"x":0.333,"y":0},"t":5,"s":[39.858,24.053],"to":[0.004,0],"ti":[12.858,0]},{"i":{"x":0.667,"y":1},"o":{"x":0.333,"y":0.889},"t":7,"s":[14.383,24.053],"to":[-10.728,0],"ti":[3.863,0]},{"t":9,"s":[-11.1,24.053]}],"ix":2},"a":{"a":1,"k":[{"i":{"x":0.667,"y":0.667},"o":{"x":0.333,"y":0.333},"t":0,"s":[1,-57],"to":[0,0],"ti":[0,0]},{"i":{"x":0.667,"y":0.667},"o":{"x":0.333,"y":0.333},"t":3,"s":[1,-57],"to":[0,0],"ti":[0,0]},{"i":{"x":0.667,"y":0.667},"o":{"x":0.333,"y":0.333},"t":5,"s":[1,-57],"to":[0,0],"ti":[0,0]},{"i":{"x":0.667,"y":0.667},"o":{"x":0.333,"y":0.333},"t":7,"s":[1,-57],"to":[0,0],"ti":[0,0]},{"t":9,"s":[1,-57]}],"ix":1},"s":{"a":0,"k":[100,100],"ix":3},"r":{"a":1,"k":[{"i":{"x":[0.667],"y":[1.042]},"o":{"x":[0.333],"y":[0]},"t":0,"s":[19]},{"i":{"x":[0.667],"y":[1]},"o":{"x":[0.333],"y":[0.025]},"t":3,"s":[66.464]},{"i":{"x":[0.667],"y":[0.848]},"o":{"x":[0.333],"y":[0]},"t":5,"s":[12]},{"i":{"x":[0.667],"y":[1]},"o":{"x":[0.333],"y":[-0.389]},"t":7,"s":[23.5]},{"t":9,"s":[19]}],"ix":6},"o":{"a":0,"k":100,"ix":7},"sk":{"a":0,"k":0,"ix":4},"sa":{"a":0,"k":0,"ix":5},"nm":"Transform"}],"nm":"Group 1","np":2,"cix":2,"bm":0,"ix":1,"mn":"ADBE Vector Group","hd":false}],"ip":0,"op":10,"st":0,"bm":0},{"ddd":0,"ind":6,"ty":4,"nm":"Right Leg upper part","sr":1,"ks":{"o":{"a":0,"k":100,"ix":11},"r":{"a":0,"k":0,"ix":10},"p":{"a":0,"k":[871.995,595.755,0],"ix":2},"a":{"a":0,"k":[39.752,55.081,0],"ix":1},"s":{"a":0,"k":[100,100,100],"ix":6}},"ao":0,"shapes":[{"ty":"gr","it":[{"ind":0,"ty":"sh","ix":1,"ks":{"a":1,"k":[{"i":{"x":0.833,"y":0.833},"o":{"x":0.333,"y":0},"t":0,"s":[{"i":[[-0.526,-1.706],[0,0],[11.833,-3.563],[4.923,9.201],[0,0],[-13.673,7.327],[-7.326,-13.674]],"o":[[0,0],[3.563,11.833],[-10.375,3.125],[0,0],[-7.327,-13.674],[13.674,-7.327],[0.875,1.633]],"v":[[19.478,-30.845],[35.94,23.83],[20.966,51.706],[-5.208,40.849],[-32.175,-9.48],[-20.685,-47.504],[17.34,-36.012]],"c":true}]},{"i":{"x":0.022,"y":1},"o":{"x":0.167,"y":0.167},"t":3,"s":[{"i":[[-0.526,-1.706],[0,0],[11.833,-3.563],[4.923,9.201],[0,0],[-13.673,7.327],[-7.326,-13.674]],"o":[[0,0],[3.563,11.833],[-10.375,3.125],[0,0],[-7.327,-13.674],[13.674,-7.327],[0.875,1.633]],"v":[[19.478,-30.845],[35.94,23.83],[20.966,51.706],[-5.208,40.849],[-32.175,-9.48],[-20.685,-47.504],[17.34,-36.012]],"c":true}]},{"i":{"x":0,"y":1},"o":{"x":0.333,"y":0},"t":5,"s":[{"i":[[-0.526,-1.706],[0,0],[11.833,-3.563],[4.923,9.201],[0,0],[-13.673,7.327],[-7.326,-13.674]],"o":[[0,0],[3.563,11.833],[-10.375,3.125],[0,0],[-7.327,-13.674],[13.674,-7.327],[0.875,1.633]],"v":[[19.478,-30.845],[35.94,23.83],[20.966,51.706],[-5.208,40.849],[-32.175,-9.48],[-20.685,-47.504],[17.34,-36.012]],"c":true}]},{"t":9,"s":[{"i":[[-0.526,-1.706],[0,0],[11.833,-3.563],[4.923,9.201],[0,0],[-13.673,7.327],[-7.326,-13.674]],"o":[[0,0],[3.563,11.833],[-10.375,3.125],[0,0],[-7.327,-13.674],[13.674,-7.327],[0.875,1.633]],"v":[[19.478,-30.845],[35.94,23.83],[20.966,51.706],[-5.208,40.849],[-32.175,-9.48],[-20.685,-47.504],[17.34,-36.012]],"c":true}]}],"ix":2},"nm":"Path 1","mn":"ADBE Vector Shape - Group","hd":false},{"ty":"fl","c":{"a":0,"k":[0.948999980852,0.694000004787,0.689999988032,1],"ix":4},"o":{"a":0,"k":100,"ix":5},"r":1,"bm":0,"nm":"Fill 1","mn":"ADBE Vector Graphic - Fill","hd":false},{"ty":"tr","p":{"a":1,"k":[{"i":{"x":0.667,"y":0.21},"o":{"x":0.333,"y":0},"t":0,"s":[28.752,26.081],"to":[2.346,0],"ti":[-6.219,0]},{"i":{"x":0.667,"y":1},"o":{"x":0.333,"y":0.969},"t":3,"s":[44.946,26.081],"to":[4.826,0],"ti":[-0.003,0]},{"i":{"x":0.667,"y":1},"o":{"x":0.333,"y":0},"t":5,"s":[53.752,26.081],"to":[0.008,0],"ti":[4.159,0]},{"t":9,"s":[28.8,26.081]}],"ix":2},"a":{"a":1,"k":[{"i":{"x":0.667,"y":0.667},"o":{"x":0.333,"y":0.333},"t":0,"s":[-9,-29],"to":[0,0],"ti":[0,0]},{"i":{"x":0.667,"y":0.667},"o":{"x":0.333,"y":0.333},"t":3,"s":[-9,-29],"to":[0,0],"ti":[0,0]},{"i":{"x":0.667,"y":0.667},"o":{"x":0.333,"y":0.333},"t":5,"s":[-9,-29],"to":[0,0],"ti":[0,0]},{"t":9,"s":[-9,-29]}],"ix":1},"s":{"a":0,"k":[100,100],"ix":3},"r":{"a":1,"k":[{"i":{"x":[0.667],"y":[-1.25]},"o":{"x":[0.333],"y":[0]},"t":0,"s":[34]},{"i":{"x":[0.667],"y":[1]},"o":{"x":[0.333],"y":[0.22]},"t":3,"s":[30.8]},{"i":{"x":[0.667],"y":[1]},"o":{"x":[0.333],"y":[0]},"t":5,"s":[9]},{"t":9,"s":[34]}],"ix":6},"o":{"a":0,"k":100,"ix":7},"sk":{"a":0,"k":0,"ix":4},"sa":{"a":0,"k":0,"ix":5},"nm":"Transform"}],"nm":"Group 1","np":2,"cix":2,"bm":0,"ix":1,"mn":"ADBE Vector Group","hd":false}],"ip":0,"op":10,"st":0,"bm":0},{"ddd":0,"ind":7,"ty":4,"nm":"Machine Stand","sr":1,"ks":{"o":{"a":0,"k":100,"ix":11},"r":{"a":0,"k":0,"ix":10},"p":{"a":0,"k":[720.747,822.048,0],"ix":2},"a":{"a":0,"k":[16.106,19.445,0],"ix":1},"s":{"a":0,"k":[100,100,100],"ix":6}},"ao":0,"shapes":[{"ty":"gr","it":[{"ind":0,"ty":"sh","ix":1,"ks":{"a":0,"k":{"i":[[2.383,0],[0,0],[0,2.383],[0,0],[-2.383,0],[0,0],[0,-2.383],[0,0]],"o":[[0,0],[-2.383,0],[0,0],[0,-2.383],[0,0],[2.383,0],[0,0],[0,2.383]],"v":[[11.543,19.195],[-11.542,19.195],[-15.857,14.881],[-15.857,-14.88],[-11.542,-19.195],[11.543,-19.195],[15.857,-14.88],[15.857,14.881]],"c":true},"ix":2},"nm":"Path 1","mn":"ADBE Vector Shape - Group","hd":false},{"ty":"fl","c":{"a":0,"k":[0.105999995213,0.030999998953,0.513999968884,1],"ix":4},"o":{"a":0,"k":100,"ix":5},"r":1,"bm":0,"nm":"Fill 1","mn":"ADBE Vector Graphic - Fill","hd":false},{"ty":"tr","p":{"a":0,"k":[16.106,19.445],"ix":2},"a":{"a":0,"k":[0,0],"ix":1},"s":{"a":0,"k":[100,100],"ix":3},"r":{"a":0,"k":0,"ix":6},"o":{"a":0,"k":100,"ix":7},"sk":{"a":0,"k":0,"ix":4},"sa":{"a":0,"k":0,"ix":5},"nm":"Transform"}],"nm":"Group 1","np":2,"cix":2,"bm":0,"ix":1,"mn":"ADBE Vector Group","hd":false}],"ip":0,"op":10,"st":0,"bm":0},{"ddd":0,"ind":8,"ty":4,"nm":"Machine Cricle Big","sr":1,"ks":{"o":{"a":0,"k":100,"ix":11},"r":{"a":0,"k":0,"ix":10},"p":{"a":0,"k":[1075.442,499.065,0],"ix":2},"a":{"a":0,"k":[6.927,6.927,0],"ix":1},"s":{"a":0,"k":[100,100,100],"ix":6}},"ao":0,"shapes":[{"ty":"gr","it":[{"ind":0,"ty":"sh","ix":1,"ks":{"a":0,"k":{"i":[[0,-3.688],[3.688,0],[0,3.688],[-3.687,0]],"o":[[0,3.688],[-3.687,0],[0,-3.688],[3.688,0]],"v":[[6.677,0],[0,6.677],[-6.677,0],[0,-6.677]],"c":true},"ix":2},"nm":"Path 1","mn":"ADBE Vector Shape - Group","hd":false},{"ty":"fl","c":{"a":0,"k":[0.184000007779,0.442999985639,1,1],"ix":4},"o":{"a":0,"k":100,"ix":5},"r":1,"bm":0,"nm":"Fill 1","mn":"ADBE Vector Graphic - Fill","hd":false},{"ty":"tr","p":{"a":0,"k":[6.927,6.927],"ix":2},"a":{"a":0,"k":[0,0],"ix":1},"s":{"a":0,"k":[100,100],"ix":3},"r":{"a":0,"k":0,"ix":6},"o":{"a":0,"k":100,"ix":7},"sk":{"a":0,"k":0,"ix":4},"sa":{"a":0,"k":0,"ix":5},"nm":"Transform"}],"nm":"Group 1","np":2,"cix":2,"bm":0,"ix":1,"mn":"ADBE Vector Group","hd":false}],"ip":0,"op":10,"st":0,"bm":0},{"ddd":0,"ind":9,"ty":4,"nm":"Machine Cricle Small","sr":1,"ks":{"o":{"a":0,"k":100,"ix":11},"r":{"a":0,"k":0,"ix":10},"p":{"a":0,"k":[1075.443,499.065,0],"ix":2},"a":{"a":0,"k":[10.265,10.265,0],"ix":1},"s":{"a":0,"k":[100,100,100],"ix":6}},"ao":0,"shapes":[{"ty":"gr","it":[{"ind":0,"ty":"sh","ix":1,"ks":{"a":0,"k":{"i":[[0,-5.531],[5.532,0],[0,5.531],[-5.531,0]],"o":[[0,5.531],[-5.531,0],[0,-5.531],[5.532,0]],"v":[[10.015,0],[-0.001,10.015],[-10.015,0],[-0.001,-10.015]],"c":true},"ix":2},"nm":"Path 1","mn":"ADBE Vector Shape - Group","hd":false},{"ty":"fl","c":{"a":0,"k":[1,0.995999983245,1,1],"ix":4},"o":{"a":0,"k":100,"ix":5},"r":1,"bm":0,"nm":"Fill 1","mn":"ADBE Vector Graphic - Fill","hd":false},{"ty":"tr","p":{"a":0,"k":[10.265,10.265],"ix":2},"a":{"a":0,"k":[0,0],"ix":1},"s":{"a":0,"k":[100,100],"ix":3},"r":{"a":0,"k":0,"ix":6},"o":{"a":0,"k":100,"ix":7},"sk":{"a":0,"k":0,"ix":4},"sa":{"a":0,"k":0,"ix":5},"nm":"Transform"}],"nm":"Group 1","np":2,"cix":2,"bm":0,"ix":1,"mn":"ADBE Vector Group","hd":false}],"ip":0,"op":10,"st":0,"bm":0},{"ddd":0,"ind":10,"ty":4,"nm":"Machine bottm cricle smll","sr":1,"ks":{"o":{"a":0,"k":100,"ix":11},"r":{"a":0,"k":0,"ix":10},"p":{"a":0,"k":[1173.923,787.83,0],"ix":2},"a":{"a":0,"k":[8.595,8.596,0],"ix":1},"s":{"a":0,"k":[100,100,100],"ix":6}},"ao":0,"shapes":[{"ty":"gr","it":[{"ind":0,"ty":"sh","ix":1,"ks":{"a":0,"k":{"i":[[0,-4.609],[4.61,0],[0,4.609],[-4.609,0]],"o":[[0,4.609],[-4.609,0],[0,-4.609],[4.61,0]],"v":[[8.346,0],[-0.001,8.346],[-8.346,0],[-0.001,-8.346]],"c":true},"ix":2},"nm":"Path 1","mn":"ADBE Vector Shape - Group","hd":false},{"ty":"fl","c":{"a":0,"k":[0.105999995213,0.030999998953,0.513999968884,1],"ix":4},"o":{"a":0,"k":100,"ix":5},"r":1,"bm":0,"nm":"Fill 1","mn":"ADBE Vector Graphic - Fill","hd":false},{"ty":"tr","p":{"a":0,"k":[8.595,8.596],"ix":2},"a":{"a":0,"k":[0,0],"ix":1},"s":{"a":0,"k":[100,100],"ix":3},"r":{"a":0,"k":0,"ix":6},"o":{"a":0,"k":100,"ix":7},"sk":{"a":0,"k":0,"ix":4},"sa":{"a":0,"k":0,"ix":5},"nm":"Transform"}],"nm":"Group 1","np":2,"cix":2,"bm":0,"ix":1,"mn":"ADBE Vector Group","hd":false}],"ip":0,"op":10,"st":0,"bm":0},{"ddd":0,"ind":11,"ty":4,"nm":"Machine bottom cricle big","sr":1,"ks":{"o":{"a":0,"k":100,"ix":11},"r":{"a":0,"k":0,"ix":10},"p":{"a":0,"k":[1173.923,787.83,0],"ix":2},"a":{"a":0,"k":[15.272,15.272,0],"ix":1},"s":{"a":0,"k":[100,100,100],"ix":6}},"ao":0,"shapes":[{"ty":"gr","it":[{"ind":0,"ty":"sh","ix":1,"ks":{"a":0,"k":{"i":[[0,-8.297],[8.296,0],[0,8.296],[-8.297,0]],"o":[[0,8.296],[-8.297,0],[0,-8.297],[8.296,0]],"v":[[15.023,0],[0,15.022],[-15.023,0],[0,-15.022]],"c":true},"ix":2},"nm":"Path 1","mn":"ADBE Vector Shape - Group","hd":false},{"ty":"fl","c":{"a":0,"k":[1,0.995999983245,1,1],"ix":4},"o":{"a":0,"k":100,"ix":5},"r":1,"bm":0,"nm":"Fill 1","mn":"ADBE Vector Graphic - Fill","hd":false},{"ty":"tr","p":{"a":0,"k":[15.272,15.272],"ix":2},"a":{"a":0,"k":[0,0],"ix":1},"s":{"a":0,"k":[100,100],"ix":3},"r":{"a":0,"k":0,"ix":6},"o":{"a":0,"k":100,"ix":7},"sk":{"a":0,"k":0,"ix":4},"sa":{"a":0,"k":0,"ix":5},"nm":"Transform"}],"nm":"Group 1","np":2,"cix":2,"bm":0,"ix":1,"mn":"ADBE Vector Group","hd":false}],"ip":0,"op":10,"st":0,"bm":0},{"ddd":0,"ind":12,"ty":4,"nm":"Machine Part","sr":1,"ks":{"o":{"a":0,"k":100,"ix":11},"r":{"a":0,"k":0,"ix":10},"p":{"a":0,"k":[1136.274,797.845,0],"ix":2},"a":{"a":0,"k":[107.007,45.317,0],"ix":1},"s":{"a":0,"k":[100,100,100],"ix":6}},"ao":0,"shapes":[{"ty":"gr","it":[{"ind":0,"ty":"sh","ix":1,"ks":{"a":0,"k":{"i":[[8.819,0],[0,0],[-0.939,10.146],[0,0],[-8.941,0],[0,0],[1.14,-10.253],[0,0]],"o":[[0,0],[-10.189,0],[0,0],[0.825,-8.902],[0,0],[10.315,0],[0,0],[-0.974,8.764]],"v":[[82.247,45.068],[-88.584,45.068],[-105.818,26.164],[-100.678,-29.355],[-83.443,-45.068],[88.416,-45.068],[105.617,-25.848],[99.449,29.672]],"c":true},"ix":2},"nm":"Path 1","mn":"ADBE Vector Shape - Group","hd":false},{"ty":"fl","c":{"a":0,"k":[0.184000007779,0.442999985639,1,1],"ix":4},"o":{"a":0,"k":100,"ix":5},"r":1,"bm":0,"nm":"Fill 1","mn":"ADBE Vector Graphic - Fill","hd":false},{"ty":"tr","p":{"a":0,"k":[107.007,45.317],"ix":2},"a":{"a":0,"k":[0,0],"ix":1},"s":{"a":0,"k":[100,100],"ix":3},"r":{"a":0,"k":0,"ix":6},"o":{"a":0,"k":100,"ix":7},"sk":{"a":0,"k":0,"ix":4},"sa":{"a":0,"k":0,"ix":5},"nm":"Transform"}],"nm":"Group 1","np":2,"cix":2,"bm":0,"ix":1,"mn":"ADBE Vector Group","hd":false}],"ip":0,"op":10,"st":0,"bm":0},{"ddd":0,"ind":13,"ty":4,"nm":"Machine Full Mech","sr":1,"ks":{"o":{"a":0,"k":100,"ix":11},"r":{"a":0,"k":0,"ix":10},"p":{"a":0,"k":[950.256,629.1,0],"ix":2},"a":{"a":0,"k":[273.992,205.716,0],"ix":1},"s":{"a":0,"k":[100,100,100],"ix":6}},"ao":0,"shapes":[{"ty":"gr","it":[{"ind":0,"ty":"sh","ix":1,"ks":{"a":0,"k":{"i":[[0,0],[0,0],[-0.379,-0.008],[-1.493,2.755],[0,0],[2.56,3.206],[0,0],[0,0],[81.653,-1.401],[0,0],[8.329,-13.727],[-8.025,-19.346],[-5.746,2.873],[1.2,2.586],[-2.08,3.428],[-6.724,0.11],[0,0],[-26.335,-0.042],[-0.239,-0.707],[0,0],[0,0],[0,-9.705],[0,0],[0,0],[0,0]],"o":[[0,0],[34.41,0.177],[3.133,0.075],[0,0],[2.078,-3.834],[-1.343,-1.68],[0,0],[-17.907,-0.337],[0,0],[-9.504,0.155],[-6.13,10.103],[2.462,5.934],[2.55,-1.276],[-10.035,-21.621],[3.548,-5.847],[0,0],[35.674,-0.61],[0.047,0.711],[0,0],[0,0],[-9.705,0],[0,0],[0,0],[0,0],[0,0]],"v":[[231.348,155.391],[136.048,-125.699],[191.753,-125.03],[199.289,-129.397],[229.382,-184.919],[228.351,-196.512],[213.047,-205.466],[177.024,-141.821],[24.295,-141.717],[23.648,-141.707],[-11.877,-127.535],[-9.08,-83.675],[6.135,-78.02],[8.584,-84.955],[2.393,-118.876],[23.921,-125.018],[24.58,-125.029],[118.711,-125.757],[119.127,-123.624],[213.721,155.391],[-256.169,155.391],[-273.742,172.964],[-273.742,205.466],[273.742,205.466],[273.742,155.391]],"c":true},"ix":2},"nm":"Path 1","mn":"ADBE Vector Shape - Group","hd":false},{"ty":"fl","c":{"a":0,"k":[0.105999995213,0.030999998953,0.513999968884,1],"ix":4},"o":{"a":0,"k":100,"ix":5},"r":1,"bm":0,"nm":"Fill 1","mn":"ADBE Vector Graphic - Fill","hd":false},{"ty":"tr","p":{"a":0,"k":[273.992,205.716],"ix":2},"a":{"a":0,"k":[0,0],"ix":1},"s":{"a":0,"k":[100,100],"ix":3},"r":{"a":0,"k":0,"ix":6},"o":{"a":0,"k":100,"ix":7},"sk":{"a":0,"k":0,"ix":4},"sa":{"a":0,"k":0,"ix":5},"nm":"Transform"}],"nm":"Group 1","np":2,"cix":2,"bm":0,"ix":1,"mn":"ADBE Vector Group","hd":false}],"ip":0,"op":10,"st":0,"bm":0},{"ddd":0,"ind":14,"ty":4,"nm":"Women Hair","sr":1,"ks":{"o":{"a":0,"k":100,"ix":11},"r":{"a":0,"k":0,"ix":10},"p":{"a":0,"k":[863.039,289.742,0],"ix":2},"a":{"a":0,"k":[38.666,53.417,0],"ix":1},"s":{"a":0,"k":[100,100,100],"ix":6}},"ao":0,"shapes":[{"ty":"gr","it":[{"ind":0,"ty":"sh","ix":1,"ks":{"a":0,"k":{"i":[[-7.65,7.453],[0.474,2.393],[6.848,0.903],[-4.611,12.629],[-0.686,1.39],[-1.366,0.112],[-15.137,-3.714],[-1.273,5.694],[8.419,2.625],[13.93,-35.354],[-15.836,-14.976]],"o":[[1.748,-1.703],[-2.691,-13.575],[-1.93,-0.255],[0.531,-1.456],[1.258,-2.553],[4.437,-0.364],[4.543,1.115],[2.107,-9.42],[0,0],[-6.293,15.97],[0,0]],"v":[[-6.176,45.714],[-4.267,39.125],[0.783,14.372],[-4.04,-2.33],[-3.469,-2.732],[5.579,-4.24],[26.694,-10.273],[36.309,-15.012],[28.202,-26.862],[-32.123,-17.813],[-20.058,48.544]],"c":true},"ix":2},"nm":"Path 1","mn":"ADBE Vector Shape - Group","hd":false},{"ty":"fl","c":{"a":0,"k":[0.933000033509,0.258999992819,0.4,1],"ix":4},"o":{"a":0,"k":100,"ix":5},"r":1,"bm":0,"nm":"Fill 1","mn":"ADBE Vector Graphic - Fill","hd":false},{"ty":"tr","p":{"a":1,"k":[{"i":{"x":0.667,"y":1},"o":{"x":0.333,"y":0},"t":0,"s":[38.665,53.417],"to":[0,0.425],"ti":[0,0.21]},{"i":{"x":0.667,"y":1},"o":{"x":0.333,"y":0},"t":1,"s":[38.665,55.967],"to":[0,-0.21],"ti":[0,0]},{"i":{"x":0.667,"y":1},"o":{"x":0.333,"y":0},"t":4,"s":[38.665,52.158],"to":[0,0],"ti":[0,-0.635]},{"t":8,"s":[38.665,55.967]}],"ix":2},"a":{"a":0,"k":[0,0],"ix":1},"s":{"a":0,"k":[100,100],"ix":3},"r":{"a":0,"k":0,"ix":6},"o":{"a":0,"k":100,"ix":7},"sk":{"a":0,"k":0,"ix":4},"sa":{"a":0,"k":0,"ix":5},"nm":"Transform"}],"nm":"Group 1","np":2,"cix":2,"bm":0,"ix":1,"mn":"ADBE Vector Group","hd":false}],"ip":0,"op":10,"st":0,"bm":0},{"ddd":0,"ind":15,"ty":4,"nm":"Women Head","sr":1,"ks":{"o":{"a":0,"k":100,"ix":11},"r":{"a":0,"k":0,"ix":10},"p":{"a":0,"k":[872.113,300.092,0],"ix":2},"a":{"a":0,"k":[29.123,39.332,0],"ix":1},"s":{"a":0,"k":[100,100,100],"ix":6}},"ao":0,"shapes":[{"ty":"gr","it":[{"ind":0,"ty":"sh","ix":1,"ks":{"a":0,"k":{"i":[[-0.499,-1.532],[0.005,-0.446],[1.498,-6.982],[5.591,-4.349],[3.144,-0.22],[1.679,24.058],[-24.69,-0.871],[-1.855,-6.447]],"o":[[1.924,5.913],[-0.031,3.115],[-0.225,1.052],[-3.765,2.93],[-14.54,1.015],[-1.679,-24.057],[8.102,0.286],[2.03,7.055]],"v":[[26.949,3.147],[22.565,7.784],[20.976,22.068],[13.649,34.073],[2.174,38.067],[-27.194,-3.657],[6.868,-38.211],[21.281,-20.08]],"c":true},"ix":2},"nm":"Path 1","mn":"ADBE Vector Shape - Group","hd":false},{"ty":"fl","c":{"a":0,"k":[0.948999980852,0.694000004787,0.689999988032,1],"ix":4},"o":{"a":0,"k":100,"ix":5},"r":1,"bm":0,"nm":"Fill 1","mn":"ADBE Vector Graphic - Fill","hd":false},{"ty":"tr","p":{"a":1,"k":[{"i":{"x":0.667,"y":1},"o":{"x":0.333,"y":0},"t":0,"s":[29.123,39.332],"to":[0,0.731],"ti":[0,-0.117]},{"i":{"x":0.667,"y":1},"o":{"x":0.333,"y":0},"t":1,"s":[29.123,43.72],"to":[0,0.117],"ti":[0,0]},{"i":{"x":0.667,"y":1},"o":{"x":0.333,"y":0},"t":4,"s":[29.123,40.036],"to":[0,0],"ti":[0,-0.614]},{"t":8,"s":[29.123,43.72]}],"ix":2},"a":{"a":0,"k":[0,0],"ix":1},"s":{"a":0,"k":[100,100],"ix":3},"r":{"a":0,"k":0,"ix":6},"o":{"a":0,"k":100,"ix":7},"sk":{"a":0,"k":0,"ix":4},"sa":{"a":0,"k":0,"ix":5},"nm":"Transform"}],"nm":"Group 1","np":2,"cix":2,"bm":0,"ix":1,"mn":"ADBE Vector Group","hd":false}],"ip":0,"op":10,"st":0,"bm":0},{"ddd":0,"ind":16,"ty":4,"nm":"Women Neck","sr":1,"ks":{"o":{"a":0,"k":100,"ix":11},"r":{"a":0,"k":0,"ix":10},"p":{"a":0,"k":[868.887,340.493,0],"ix":2},"a":{"a":0,"k":[20.878,18.403,0],"ix":1},"s":{"a":0,"k":[100,100,100],"ix":6}},"ao":0,"shapes":[{"ty":"gr","it":[{"ind":0,"ty":"sh","ix":1,"ks":{"a":0,"k":{"i":[[0,0],[2.139,12.709],[0,0],[-6.251,-8.295]],"o":[[0,0],[0,0],[0,0],[0,0]],"v":[[-20.627,18.152],[-10.194,-18.152],[16.83,-18.152],[20.627,18.152]],"c":true},"ix":2},"nm":"Path 1","mn":"ADBE Vector Shape - Group","hd":false},{"ty":"fl","c":{"a":0,"k":[0.948999980852,0.694000004787,0.689999988032,1],"ix":4},"o":{"a":0,"k":100,"ix":5},"r":1,"bm":0,"nm":"Fill 1","mn":"ADBE Vector Graphic - Fill","hd":false},{"ty":"tr","p":{"a":0,"k":[20.878,18.403],"ix":2},"a":{"a":0,"k":[0,0],"ix":1},"s":{"a":0,"k":[100,100],"ix":3},"r":{"a":0,"k":0,"ix":6},"o":{"a":0,"k":100,"ix":7},"sk":{"a":0,"k":0,"ix":4},"sa":{"a":0,"k":0,"ix":5},"nm":"Transform"}],"nm":"Group 1","np":2,"cix":2,"bm":0,"ix":1,"mn":"ADBE Vector Group","hd":false}],"ip":0,"op":10,"st":0,"bm":0},{"ddd":0,"ind":17,"ty":4,"nm":"Machine Rotate Line","sr":1,"ks":{"o":{"a":0,"k":100,"ix":11},"r":{"a":0,"k":0,"ix":10},"p":{"a":0,"k":[1340,585,0],"ix":2},"a":{"a":0,"k":[0,0,0],"ix":1},"s":{"a":0,"k":[109.32,100,100],"ix":6}},"ao":0,"shapes":[{"ty":"gr","it":[{"ty":"rc","d":1,"s":{"a":0,"k":[274,8],"ix":2},"p":{"a":1,"k":[{"i":{"x":0.667,"y":1},"o":{"x":0.333,"y":0},"t":0,"s":[454,0],"to":[-75.667,0],"ti":[75.667,0]},{"t":7,"s":[0,0]}],"ix":3},"r":{"a":0,"k":0,"ix":4},"nm":"Rectangle Path 1","mn":"ADBE Vector Shape - Rect","hd":false},{"ty":"fl","c":{"a":0,"k":[0.392156862745,0.6,0.976470588235,1],"ix":4},"o":{"a":0,"k":100,"ix":5},"r":1,"bm":0,"nm":"Fill 1","mn":"ADBE Vector Graphic - Fill","hd":false},{"ty":"tr","p":{"a":0,"k":[-493,198],"ix":2},"a":{"a":0,"k":[0,0],"ix":1},"s":{"a":0,"k":[63.693,100],"ix":3},"r":{"a":0,"k":0,"ix":6},"o":{"a":0,"k":100,"ix":7},"sk":{"a":0,"k":0,"ix":4},"sa":{"a":0,"k":0,"ix":5},"nm":"Transform"}],"nm":"Rectangle 1","np":3,"cix":2,"bm":0,"ix":1,"mn":"ADBE Vector Group","hd":false}],"ip":0,"op":10,"st":0,"bm":0},{"ddd":0,"ind":18,"ty":4,"nm":"Machine Rotate","sr":1,"ks":{"o":{"a":0,"k":100,"ix":11},"r":{"a":0,"k":0,"ix":10},"p":{"a":0,"k":[956.097,787.83,0],"ix":2},"a":{"a":0,"k":[264.812,10.265,0],"ix":1},"s":{"a":0,"k":[100,100,100],"ix":6}},"ao":0,"shapes":[{"ty":"gr","it":[{"ind":0,"ty":"sh","ix":1,"ks":{"a":0,"k":{"i":[[4.342,0],[0,0],[0,4.341],[0,0],[-5.749,0],[0,0],[0,-4.342],[0,0]],"o":[[0,0],[-4.342,0],[0,0],[0,-5.749],[0,0],[4.342,0],[0,0],[0,4.341]],"v":[[256.701,10.015],[-256.699,10.015],[-264.561,2.154],[-264.561,0.395],[-254.151,-10.015],[256.701,-10.015],[264.561,-2.154],[264.561,2.154]],"c":true},"ix":2},"nm":"Path 1","mn":"ADBE Vector Shape - Group","hd":false},{"ty":"fl","c":{"a":0,"k":[0.255000005984,0.497999991623,1,1],"ix":4},"o":{"a":0,"k":100,"ix":5},"r":1,"bm":0,"nm":"Fill 1","mn":"ADBE Vector Graphic - Fill","hd":false},{"ty":"tr","p":{"a":0,"k":[264.811,10.265],"ix":2},"a":{"a":0,"k":[0,0],"ix":1},"s":{"a":0,"k":[100,100],"ix":3},"r":{"a":0,"k":0,"ix":6},"o":{"a":0,"k":100,"ix":7},"sk":{"a":0,"k":0,"ix":4},"sa":{"a":0,"k":0,"ix":5},"nm":"Transform"}],"nm":"Group 1","np":2,"cix":2,"bm":0,"ix":1,"mn":"ADBE Vector Group","hd":false}],"ip":0,"op":10,"st":0,"bm":0},{"ddd":0,"ind":19,"ty":4,"nm":"Left Leg Shoes","sr":1,"ks":{"o":{"a":0,"k":100,"ix":11},"r":{"a":0,"k":0,"ix":10},"p":{"a":0,"k":[847.282,765.163,0],"ix":2},"a":{"a":0,"k":[54.828,15.481,0],"ix":1},"s":{"a":0,"k":[100,100,100],"ix":6}},"ao":0,"shapes":[{"ty":"gr","it":[{"ind":0,"ty":"sh","ix":1,"ks":{"a":1,"k":[{"i":{"x":0.151,"y":1},"o":{"x":0.333,"y":0},"t":0,"s":[{"i":[[-15.122,17.579],[-13.691,11.591],[-10.392,-4.892],[54.153,4.919],[22.731,3.815]],"o":[[0,0],[0,0],[0,0],[0,0],[0,0]],"v":[[-39.456,-15.231],[-21.289,-14.593],[32.552,-2.142],[0.425,10.312],[-50.591,8.522]],"c":true}]},{"i":{"x":0.833,"y":0.833},"o":{"x":0.333,"y":0},"t":5,"s":[{"i":[[-15.122,17.579],[-13.691,11.591],[-10.392,-4.892],[54.153,4.919],[22.731,3.815]],"o":[[0,0],[0,0],[0,0],[0,0],[0,0]],"v":[[-39.456,-15.231],[-21.289,-14.593],[32.552,-2.142],[0.425,10.312],[-50.591,8.522]],"c":true}]},{"i":{"x":0.068,"y":1},"o":{"x":0.167,"y":0.167},"t":7,"s":[{"i":[[-15.122,17.579],[-13.691,11.591],[-10.392,-4.892],[54.153,4.919],[22.731,3.815]],"o":[[0,0],[0,0],[0,0],[0,0],[0,0]],"v":[[-39.456,-15.231],[-21.289,-14.593],[32.552,-2.142],[0.425,10.312],[-50.591,8.522]],"c":true}]},{"t":9,"s":[{"i":[[-15.122,17.579],[-13.691,11.591],[-10.392,-4.892],[54.153,4.919],[22.731,3.815]],"o":[[0,0],[0,0],[0,0],[0,0],[0,0]],"v":[[-39.456,-15.231],[-21.289,-14.593],[32.552,-2.142],[0.425,10.312],[-50.591,8.522]],"c":true}]}],"ix":2},"nm":"Path 1","mn":"ADBE Vector Shape - Group","hd":false},{"ty":"fl","c":{"a":0,"k":[0.969000004787,0.426999978458,0.388000009574,1],"ix":4},"o":{"a":0,"k":100,"ix":5},"r":1,"bm":0,"nm":"Fill 1","mn":"ADBE Vector Graphic - Fill","hd":false},{"ty":"tr","p":{"a":1,"k":[{"i":{"x":0.667,"y":1},"o":{"x":0.333,"y":0},"t":0,"s":[81.828,3.481],"to":[-2.559,0],"ti":[0,0]},{"i":{"x":0.661,"y":0.916},"o":{"x":0.307,"y":0},"t":5,"s":[34.828,3.481],"to":[0,0],"ti":[0.422,0.483]},{"i":{"x":0.745,"y":0.85},"o":{"x":0.382,"y":0.033},"t":6,"s":[16.062,2.686],"to":[-1.427,-1.632],"ti":[-7.001,0]},{"i":{"x":0.667,"y":0.81},"o":{"x":0.333,"y":0.115},"t":7,"s":[-29.69,-21.519],"to":[5.3,0],"ti":[-9.964,-1.6]},{"i":{"x":0.667,"y":1},"o":{"x":0.333,"y":0.717},"t":8,"s":[57.949,0.804],"to":[8.628,1.385],"ti":[-1.652,0]},{"t":9,"s":[81.8,3.481]}],"ix":2},"a":{"a":1,"k":[{"i":{"x":0.667,"y":0.667},"o":{"x":0.333,"y":0.333},"t":0,"s":[-34,-14],"to":[0,0],"ti":[0,0]},{"i":{"x":0.667,"y":0.731},"o":{"x":0.333,"y":0},"t":5,"s":[-34,-14],"to":[0,0],"ti":[0,0]},{"i":{"x":0.667,"y":1},"o":{"x":0.333,"y":0.326},"t":6,"s":[-13.5,-2],"to":[0,0],"ti":[0,0]},{"i":{"x":0.667,"y":0.837},"o":{"x":0.333,"y":0},"t":7,"s":[-29,10],"to":[0,0],"ti":[0,0]},{"i":{"x":0.667,"y":1},"o":{"x":0.333,"y":0.145},"t":8,"s":[8.5,-2],"to":[0,0],"ti":[0,0]},{"t":9,"s":[-34,-14]}],"ix":1},"s":{"a":0,"k":[100,100],"ix":3},"r":{"a":1,"k":[{"i":{"x":[0.667],"y":[1]},"o":{"x":[0.333],"y":[0]},"t":0,"s":[-2]},{"i":{"x":[0.667],"y":[1]},"o":{"x":[0.333],"y":[0]},"t":5,"s":[-2]},{"i":{"x":[0.667],"y":[0.079]},"o":{"x":[0.333],"y":[0]},"t":7,"s":[33]},{"i":{"x":[0.667],"y":[1]},"o":{"x":[0.333],"y":[0.343]},"t":8,"s":[23.5]},{"t":9,"s":[-2]}],"ix":6},"o":{"a":0,"k":100,"ix":7},"sk":{"a":0,"k":0,"ix":4},"sa":{"a":0,"k":0,"ix":5},"nm":"Transform"}],"nm":"Group 1","np":2,"cix":2,"bm":0,"ix":1,"mn":"ADBE Vector Group","hd":false}],"ip":0,"op":10,"st":0,"bm":0},{"ddd":0,"ind":20,"ty":4,"nm":"Left Leg lower part","sr":1,"ks":{"o":{"a":0,"k":100,"ix":11},"r":{"a":0,"k":0,"ix":10},"p":{"a":0,"k":[843.733,683.901,0],"ix":2},"a":{"a":0,"k":[36.37,78.216,0],"ix":1},"s":{"a":0,"k":[100,100,100],"ix":6}},"ao":0,"shapes":[{"ty":"gr","it":[{"ind":0,"ty":"sh","ix":1,"ks":{"a":1,"k":[{"i":{"x":0.249,"y":1},"o":{"x":0.333,"y":0},"t":0,"s":[{"i":[[0.839,-1.789],[0,0],[3.621,1.722],[-0.535,3.125],[0,0],[-12.264,-2.108],[2.108,-12.264]],"o":[[0,0],[-1.722,3.621],[-3.004,-1.429],[0,0],[2.109,-12.265],[12.264,2.109],[-0.351,2.042]],"v":[[32.154,-43.976],[-21.874,72.807],[-31.548,76.244],[-35.585,68.459],[-10.4,-57.469],[15.624,-75.859],[34.012,-49.834]],"c":true}]},{"i":{"x":0.833,"y":0.833},"o":{"x":0.333,"y":0},"t":5,"s":[{"i":[[0.839,-1.789],[0,0],[3.621,1.722],[-0.535,3.125],[0,0],[-12.264,-2.108],[2.108,-12.264]],"o":[[0,0],[-1.722,3.621],[-3.004,-1.429],[0,0],[2.109,-12.265],[12.264,2.109],[-0.351,2.042]],"v":[[32.154,-43.976],[-21.874,72.807],[-31.548,76.244],[-35.585,68.459],[-10.4,-57.469],[15.624,-75.859],[34.012,-49.834]],"c":true}]},{"i":{"x":0.043,"y":0.773},"o":{"x":0.167,"y":0.167},"t":7,"s":[{"i":[[0.839,-1.789],[0,0],[3.621,1.722],[-0.535,3.125],[0,0],[-12.264,-2.108],[2.108,-12.264]],"o":[[0,0],[-1.722,3.621],[-3.004,-1.429],[0,0],[2.109,-12.265],[12.264,2.109],[-0.351,2.042]],"v":[[32.154,-43.976],[-21.874,72.807],[-31.548,76.244],[-35.585,68.459],[-10.4,-57.469],[15.624,-75.859],[34.012,-49.834]],"c":true}]},{"t":9,"s":[{"i":[[0.839,-1.789],[0,0],[3.621,1.722],[-0.535,3.125],[0,0],[-12.264,-2.108],[2.108,-12.264]],"o":[[0,0],[-1.722,3.621],[-3.004,-1.429],[0,0],[2.109,-12.265],[12.264,2.109],[-0.351,2.042]],"v":[[32.154,-43.976],[-21.874,72.807],[-31.548,76.244],[-35.585,68.459],[-10.4,-57.469],[15.624,-75.859],[34.012,-49.834]],"c":true}]}],"ix":2},"nm":"Path 1","mn":"ADBE Vector Shape - Group","hd":false},{"ty":"fl","c":{"a":0,"k":[0.910000011968,0.666999966491,0.666999966491,1],"ix":4},"o":{"a":0,"k":100,"ix":5},"r":1,"bm":0,"nm":"Fill 1","mn":"ADBE Vector Graphic - Fill","hd":false},{"ty":"tr","p":{"a":1,"k":[{"i":{"x":0.667,"y":1},"o":{"x":0.333,"y":0},"t":0,"s":[82.369,25.217],"to":[-3.473,0],"ti":[-0.002,0]},{"i":{"x":0.667,"y":0.111},"o":{"x":0.333,"y":0},"t":5,"s":[45.369,25.217],"to":[0.001,0],"ti":[-9.272,0]},{"i":{"x":0.667,"y":1},"o":{"x":0.333,"y":0.889},"t":7,"s":[63.885,25.217],"to":[8.57,0],"ti":[-1.349,0]},{"t":9,"s":[82.4,25.217]}],"ix":2},"a":{"a":1,"k":[{"i":{"x":0.667,"y":0.667},"o":{"x":0.333,"y":0.333},"t":0,"s":[8,-53],"to":[0,0],"ti":[0,0]},{"i":{"x":0.667,"y":0.667},"o":{"x":0.333,"y":0.333},"t":5,"s":[8,-53],"to":[0,0],"ti":[0,0]},{"i":{"x":0.667,"y":0.667},"o":{"x":0.333,"y":0.333},"t":7,"s":[8,-53],"to":[0,0],"ti":[0,0]},{"t":9,"s":[8,-53]}],"ix":1},"s":{"a":0,"k":[100,100],"ix":3},"r":{"a":1,"k":[{"i":{"x":[0.667],"y":[1]},"o":{"x":[0.333],"y":[0]},"t":0,"s":[-11]},{"i":{"x":[0.667],"y":[1.03]},"o":{"x":[0.333],"y":[0]},"t":5,"s":[-6]},{"i":{"x":[0.667],"y":[0.314]},"o":{"x":[0.333],"y":[0.037]},"t":7,"s":[35.5]},{"i":{"x":[0.667],"y":[1]},"o":{"x":[0.333],"y":[0.385]},"t":8,"s":[18.781]},{"t":9,"s":[-11]}],"ix":6},"o":{"a":0,"k":100,"ix":7},"sk":{"a":0,"k":0,"ix":4},"sa":{"a":0,"k":0,"ix":5},"nm":"Transform"}],"nm":"Group 1","np":2,"cix":2,"bm":0,"ix":1,"mn":"ADBE Vector Group","hd":false}],"ip":0,"op":10,"st":0,"bm":0},{"ddd":0,"ind":21,"ty":4,"nm":"Left Pant","sr":1,"ks":{"o":{"a":0,"k":100,"ix":11},"r":{"a":0,"k":0,"ix":10},"p":{"a":0,"k":[867.191,536.024,0],"ix":2},"a":{"a":0,"k":[43.911,43.222,0],"ix":1},"s":{"a":0,"k":[100,100,100],"ix":6}},"ao":0,"shapes":[{"ty":"gr","it":[{"ind":0,"ty":"sh","ix":1,"ks":{"a":1,"k":[{"i":{"x":0.249,"y":1},"o":{"x":0.333,"y":0},"t":0,"s":[{"i":[[-3.515,-3.366],[0,0],[0,0],[0,0],[3.405,4.419]],"o":[[0,0],[0,0],[0,0],[0,0],[-13.962,-18.122]],"v":[[-32.221,-39.606],[43.661,-33.987],[30.654,41.209],[-26.19,42.972],[-29.7,21.605]],"c":true}]},{"i":{"x":0.167,"y":1},"o":{"x":0.333,"y":0},"t":5,"s":[{"i":[[-3.515,-3.366],[0,0],[0,0],[0,0],[3.405,4.419]],"o":[[0,0],[0,0],[0,0],[0,0],[-13.962,-18.122]],"v":[[-32.221,-39.606],[43.661,-33.987],[30.654,41.209],[-26.19,42.972],[-29.7,21.605]],"c":true}]},{"t":9,"s":[{"i":[[-3.515,-3.366],[0,0],[0,0],[0,0],[3.405,4.419]],"o":[[0,0],[0,0],[0,0],[0,0],[-13.962,-18.122]],"v":[[-32.221,-39.606],[43.661,-33.987],[30.654,41.209],[-26.19,42.972],[-29.7,21.605]],"c":true}]}],"ix":2},"nm":"Path 1","mn":"ADBE Vector Shape - Group","hd":false},{"ty":"fl","c":{"a":0,"k":[0.713999968884,0.219999994016,0.898000021542,1],"ix":4},"o":{"a":0,"k":100,"ix":5},"r":1,"bm":0,"nm":"Fill 1","mn":"ADBE Vector Graphic - Fill","hd":false},{"ty":"tr","p":{"a":1,"k":[{"i":{"x":0.667,"y":0.667},"o":{"x":0.333,"y":0.333},"t":0,"s":[45.911,18.222],"to":[0,0],"ti":[0,0]},{"i":{"x":0.667,"y":0.667},"o":{"x":0.333,"y":0.333},"t":5,"s":[45.911,18.222],"to":[0,0],"ti":[0,0]},{"t":9,"s":[45.911,18.222]}],"ix":2},"a":{"a":1,"k":[{"i":{"x":0.667,"y":0.667},"o":{"x":0.333,"y":0.333},"t":0,"s":[2,-25],"to":[0,0],"ti":[0,0]},{"i":{"x":0.667,"y":0.667},"o":{"x":0.333,"y":0.333},"t":5,"s":[2,-25],"to":[0,0],"ti":[0,0]},{"t":9,"s":[2,-25]}],"ix":1},"s":{"a":0,"k":[100,100],"ix":3},"r":{"a":1,"k":[{"i":{"x":[0.667],"y":[1]},"o":{"x":[0.333],"y":[0]},"t":0,"s":[-7]},{"i":{"x":[0.667],"y":[1]},"o":{"x":[0.333],"y":[0]},"t":5,"s":[6]},{"t":9,"s":[-7]}],"ix":6},"o":{"a":0,"k":100,"ix":7},"sk":{"a":0,"k":0,"ix":4},"sa":{"a":0,"k":0,"ix":5},"nm":"Transform"}],"nm":"Group 1","np":2,"cix":2,"bm":0,"ix":1,"mn":"ADBE Vector Group","hd":false}],"ip":0,"op":10,"st":0,"bm":0},{"ddd":0,"ind":22,"ty":4,"nm":"Left Leg upper Part","sr":1,"ks":{"o":{"a":0,"k":100,"ix":11},"r":{"a":0,"k":0,"ix":10},"p":{"a":0,"k":[860.098,601.336,0],"ix":2},"a":{"a":0,"k":[28.646,55.25,0],"ix":1},"s":{"a":0,"k":[100,100,100],"ix":6}},"ao":0,"shapes":[{"ty":"gr","it":[{"ind":0,"ty":"sh","ix":1,"ks":{"a":1,"k":[{"i":{"x":0.136,"y":1},"o":{"x":0.333,"y":0},"t":0,"s":[{"i":[[0.276,-1.764],[0,0],[12.196,1.99],[0.387,10.426],[0,0],[-15.502,0.585],[-0.585,-15.501]],"o":[[0,0],[-1.99,12.196],[-10.695,-1.745],[0,0],[-0.585,-15.502],[15.501,-0.585],[0.07,1.852]],"v":[[27.979,-21.824],[18.784,34.53],[-6.902,53.01],[-25.658,31.771],[-27.811,-25.288],[-0.801,-54.415],[28.326,-27.406]],"c":true}]},{"i":{"x":0.833,"y":0.833},"o":{"x":0.333,"y":0},"t":5,"s":[{"i":[[0.276,-1.764],[0,0],[12.196,1.99],[0.387,10.426],[0,0],[-15.502,0.585],[-0.585,-15.501]],"o":[[0,0],[-1.99,12.196],[-10.695,-1.745],[0,0],[-0.585,-15.502],[15.501,-0.585],[0.07,1.852]],"v":[[27.979,-21.824],[18.784,34.53],[-6.902,53.01],[-25.658,31.771],[-27.811,-25.288],[-0.801,-54.415],[28.326,-27.406]],"c":true}]},{"i":{"x":0.006,"y":1},"o":{"x":0.167,"y":0.167},"t":7,"s":[{"i":[[0.276,-1.764],[0,0],[12.196,1.99],[0.387,10.426],[0,0],[-15.502,0.585],[-0.585,-15.501]],"o":[[0,0],[-1.99,12.196],[-10.695,-1.745],[0,0],[-0.585,-15.502],[15.501,-0.585],[0.07,1.852]],"v":[[27.979,-21.824],[18.784,34.53],[-6.902,53.01],[-25.658,31.771],[-27.811,-25.288],[-0.801,-54.415],[28.326,-27.406]],"c":true}]},{"t":9,"s":[{"i":[[0.276,-1.764],[0,0],[12.196,1.99],[0.387,10.426],[0,0],[-15.502,0.585],[-0.585,-15.501]],"o":[[0,0],[-1.99,12.196],[-10.695,-1.745],[0,0],[-0.585,-15.502],[15.501,-0.585],[0.07,1.852]],"v":[[27.979,-21.824],[18.784,34.53],[-6.902,53.01],[-25.658,31.771],[-27.811,-25.288],[-0.801,-54.415],[28.326,-27.406]],"c":true}]}],"ix":2},"nm":"Path 1","mn":"ADBE Vector Shape - Group","hd":false},{"ty":"fl","c":{"a":0,"k":[0.910000011968,0.666999966491,0.666999966491,1],"ix":4},"o":{"a":0,"k":100,"ix":5},"r":1,"bm":0,"nm":"Fill 1","mn":"ADBE Vector Graphic - Fill","hd":false},{"ty":"tr","p":{"a":1,"k":[{"i":{"x":0.667,"y":1},"o":{"x":0.333,"y":0},"t":0,"s":[41.646,14.25],"to":[-1.5,0],"ti":[0.008,0]},{"i":{"x":0.667,"y":0.112},"o":{"x":0.333,"y":0},"t":5,"s":[32.646,14.25],"to":[-0.004,0],"ti":[-2.262,0]},{"i":{"x":0.667,"y":1},"o":{"x":0.333,"y":0.889},"t":7,"s":[37.125,14.25],"to":[1.884,0],"ti":[-0.678,0]},{"t":9,"s":[41.6,14.25]}],"ix":2},"a":{"a":1,"k":[{"i":{"x":0.667,"y":0.667},"o":{"x":0.333,"y":0.333},"t":0,"s":[1,-41],"to":[0,0],"ti":[0,0]},{"i":{"x":0.667,"y":0.667},"o":{"x":0.333,"y":0.333},"t":5,"s":[1,-41],"to":[0,0],"ti":[0,0]},{"i":{"x":0.667,"y":0.667},"o":{"x":0.333,"y":0.333},"t":7,"s":[1,-41],"to":[0,0],"ti":[0,0]},{"t":9,"s":[1,-41]}],"ix":1},"s":{"a":0,"k":[100,100],"ix":3},"r":{"a":1,"k":[{"i":{"x":[0.667],"y":[1]},"o":{"x":[0.333],"y":[0]},"t":0,"s":[-19]},{"i":{"x":[0.667],"y":[0.5]},"o":{"x":[0.333],"y":[0]},"t":5,"s":[3]},{"i":{"x":[0.667],"y":[1]},"o":{"x":[0.333],"y":[0.5]},"t":7,"s":[-8]},{"t":9,"s":[-19]}],"ix":6},"o":{"a":0,"k":100,"ix":7},"sk":{"a":0,"k":0,"ix":4},"sa":{"a":0,"k":0,"ix":5},"nm":"Transform"}],"nm":"Group 1","np":2,"cix":2,"bm":0,"ix":1,"mn":"ADBE Vector Group","hd":false}],"ip":0,"op":10,"st":0,"bm":0},{"ddd":0,"ind":23,"ty":4,"nm":"Left Hand","sr":1,"ks":{"o":{"a":0,"k":100,"ix":11},"r":{"a":0,"k":0,"ix":10},"p":{"a":0,"k":[850.066,425.47,0],"ix":2},"a":{"a":0,"k":[60.078,67.813,0],"ix":1},"s":{"a":0,"k":[100,100,100],"ix":6}},"ao":0,"shapes":[{"ty":"gr","it":[{"ind":0,"ty":"sh","ix":1,"ks":{"a":1,"k":[{"i":{"x":0.667,"y":1},"o":{"x":0.333,"y":0},"t":0,"s":[{"i":[[9.779,11.491],[0,0],[2.019,-0.819],[0,0],[0,0],[-0.546,0.431],[5.959,7.543],[7.543,-5.958],[0,0],[-3.537,-5.843],[-2.599,-1.043],[0,0],[0.119,-0.164],[-23.532,-5.84]],"o":[[-7.785,-9.146],[-2.208,-0.673],[0,0],[0,0],[0.578,-0.355],[7.543,-5.958],[-5.958,-7.543],[0,0],[-5.23,4.122],[1.562,2.579],[0,0],[-0.08,0.17],[-1.368,1.901],[15.663,3.888]],"v":[[50.049,48.087],[25.787,27.618],[19.269,27.911],[-22.093,-9.13],[17.429,-33.059],[19.203,-34.289],[22.072,-58.735],[-2.373,-61.605],[-53.138,-21.505],[-56.291,-4.07],[-49.83,1.402],[12.995,45.85],[12.704,46.353],[43.28,63.675]],"c":true}]},{"i":{"x":0.833,"y":1},"o":{"x":0.167,"y":0},"t":5,"s":[{"i":[[9.779,11.491],[0,0],[2.019,-0.819],[0,0],[0,0],[-0.546,0.431],[5.959,7.543],[7.543,-5.958],[0,0],[-3.537,-5.843],[-2.599,-1.043],[0,0],[0.119,-0.164],[-23.532,-5.84]],"o":[[-7.785,-9.146],[-2.208,-0.673],[0,0],[0,0],[0.578,-0.355],[7.543,-5.958],[-5.958,-7.543],[0,0],[-5.23,4.122],[1.562,2.579],[0,0],[-0.08,0.17],[-1.368,1.901],[15.663,3.888]],"v":[[50.049,48.087],[25.787,27.618],[19.269,27.911],[-22.093,-9.13],[17.429,-33.059],[19.203,-34.289],[22.072,-58.735],[-2.373,-61.605],[-53.138,-21.505],[-56.291,-4.07],[-49.83,1.402],[12.995,45.85],[12.704,46.353],[43.28,63.675]],"c":true}]},{"t":9,"s":[{"i":[[9.779,11.491],[0,0],[2.019,-0.819],[0,0],[0,0],[-0.546,0.431],[5.959,7.543],[7.543,-5.958],[0,0],[-3.537,-5.843],[-2.599,-1.043],[0,0],[0.119,-0.164],[-23.532,-5.84]],"o":[[-7.785,-9.146],[-2.208,-0.673],[0,0],[0,0],[0.578,-0.355],[7.543,-5.958],[-5.958,-7.543],[0,0],[-5.23,4.122],[1.562,2.579],[0,0],[-0.08,0.17],[-1.368,1.901],[15.663,3.888]],"v":[[50.049,48.087],[25.787,27.618],[19.269,27.911],[-22.093,-9.13],[17.429,-33.059],[19.203,-34.289],[22.072,-58.735],[-2.373,-61.605],[-53.138,-21.505],[-56.291,-4.07],[-49.83,1.402],[12.995,45.85],[12.704,46.353],[43.28,63.675]],"c":true}]}],"ix":2},"nm":"Path 1","mn":"ADBE Vector Shape - Group","hd":false},{"ty":"fl","c":{"a":0,"k":[0.910000011968,0.666999966491,0.666999966491,1],"ix":4},"o":{"a":0,"k":100,"ix":5},"r":1,"bm":0,"nm":"Fill 1","mn":"ADBE Vector Graphic - Fill","hd":false},{"ty":"tr","p":{"a":0,"k":[64.078,15.813],"ix":2},"a":{"a":1,"k":[{"i":{"x":0.667,"y":1},"o":{"x":0.333,"y":0},"t":0,"s":[4,-52],"to":[0,0],"ti":[0,0]},{"i":{"x":0.667,"y":0.667},"o":{"x":0.167,"y":0.167},"t":5,"s":[4,-52],"to":[0,0],"ti":[0,0]},{"t":9,"s":[4,-52]}],"ix":1},"s":{"a":0,"k":[100,100],"ix":3},"r":{"a":1,"k":[{"i":{"x":[0.667],"y":[1]},"o":{"x":[0.548],"y":[0.011]},"t":0,"s":[0]},{"i":{"x":[0.667],"y":[1]},"o":{"x":[0.167],"y":[0]},"t":5,"s":[-60]},{"t":9,"s":[0]}],"ix":6},"o":{"a":0,"k":100,"ix":7},"sk":{"a":0,"k":0,"ix":4},"sa":{"a":0,"k":0,"ix":5},"nm":"Transform"}],"nm":"Group 1","np":2,"cix":2,"bm":0,"ix":1,"mn":"ADBE Vector Group","hd":false}],"ip":0,"op":10,"st":0,"bm":0}],"markers":[]}